uniprot:Q17381	uniprot:Q19005	geneid:180357	geneid:177633	uniprot:"pha-4"("protein name")	uniprot:"YYT6_CAEEL"("protein name")	psi-mi:"MI:0364"("inferred by curator")	-	pubmed:11823633	taxid:6239("Caenorhabditis elegans")	taxid:6239("Caenorhabditis elegans")	psi-mi:"MI:2232"("molecular association")	pubmed:26578589("ORegAnno")	oreganno:OREG0001735	-	-	psi-mi:"MI:2274"("regulator")	psi-mi:"MI:2275"("regulator target")	psi-mi:"MI:0499"( "unspecified role" )	psi-mi:"MI:0499"( "unspecified role" )	psi-mi:"MI:0326"("protein")	psi-mi:"MI:0250"("gene")	-	-	-	-	-	-	-	-	2017/05/01	2019/05/20	-	-	-	-	-	-	-	-	-	-	-	-	-	-
uniprot:Q17381	uniprot:Q2V4U7	geneid:180357	geneid:174227	uniprot:"pha-4"("protein name")	uniprot:"tph-1"("protein name")	psi-mi:"MI:0364"("inferred by curator")	-	pubmed:11823633	taxid:6239("Caenorhabditis elegans")	taxid:6239("Caenorhabditis elegans")	psi-mi:"MI:2232"("molecular association")	pubmed:26578589("ORegAnno")	oreganno:OREG0001741|oreganno:OREG0001742	-	-	psi-mi:"MI:2274"("regulator")	psi-mi:"MI:2275"("regulator target")	psi-mi:"MI:0499"( "unspecified role" )	psi-mi:"MI:0499"( "unspecified role" )	psi-mi:"MI:0326"("protein")	psi-mi:"MI:0250"("gene")	-	-	-	-	-	-	-	-	2017/05/01	2019/05/20	-	-	-	-	-	-	-	-	-	-	-	-	-	-
uniprot:Q17381	uniprot:G5EED8	geneid:180357	geneid:174227	uniprot:"pha-4"("protein name")	uniprot:"tph-1"("protein name")	psi-mi:"MI:0364"("inferred by curator")	-	pubmed:11823633	taxid:6239("Caenorhabditis elegans")	taxid:6239("Caenorhabditis elegans")	psi-mi:"MI:2232"("molecular association")	pubmed:26578589("ORegAnno")	oreganno:OREG0001741|oreganno:OREG0001742	-	-	psi-mi:"MI:2274"("regulator")	psi-mi:"MI:2275"("regulator target")	psi-mi:"MI:0499"( "unspecified role" )	psi-mi:"MI:0499"( "unspecified role" )	psi-mi:"MI:0326"("protein")	psi-mi:"MI:0250"("gene")	-	-	-	-	-	-	-	-	2017/05/01	2019/05/20	-	-	-	-	-	-	-	-	-	-	-	-	-	-
uniprot:Q09555	uniprot:Q21511	geneid:174577	geneid:187445	uniprot:"daf-19"("protein name")	uniprot:"xbx-3"("protein name")	psi-mi:"MI:0364"("inferred by curator")	-	pubmed:15790967	taxid:6239("Caenorhabditis elegans")	taxid:6239("Caenorhabditis elegans")	psi-mi:"MI:2232"("molecular association")	pubmed:26578589("ORegAnno")	oreganno:OREG0001749	-	-	psi-mi:"MI:2274"("regulator")	psi-mi:"MI:2275"("regulator target")	psi-mi:"MI:0499"( "unspecified role" )	psi-mi:"MI:0499"( "unspecified role" )	psi-mi:"MI:0326"("protein")	psi-mi:"MI:0250"("gene")	-	-	-	-	-	-	-	-	2017/05/01	2019/05/20	-	-	-	-	-	-	-	-	-	-	-	-	-	-
uniprot:Q09555	uniprot:O61830	geneid:174577	geneid:182822	uniprot:"daf-19"("protein name")	uniprot:"xbx-4"("protein name")	psi-mi:"MI:0364"("inferred by curator")	-	pubmed:15790967	taxid:6239("Caenorhabditis elegans")	taxid:6239("Caenorhabditis elegans")	psi-mi:"MI:2232"("molecular association")	pubmed:26578589("ORegAnno")	oreganno:OREG0001750	-	-	psi-mi:"MI:2274"("regulator")	psi-mi:"MI:2275"("regulator target")	psi-mi:"MI:0499"( "unspecified role" )	psi-mi:"MI:0499"( "unspecified role" )	psi-mi:"MI:0326"("protein")	psi-mi:"MI:0250"("gene")	-	-	-	-	-	-	-	-	2017/05/01	2019/05/20	-	-	-	-	-	-	-	-	-	-	-	-	-	-
uniprot:Q09555	uniprot:Q22709	geneid:174577	geneid:188837	uniprot:"daf-19"("protein name")	uniprot:"xbx-5"("protein name")	psi-mi:"MI:0364"("inferred by curator")	-	pubmed:15790967	taxid:6239("Caenorhabditis elegans")	taxid:6239("Caenorhabditis elegans")	psi-mi:"MI:2232"("molecular association")	pubmed:26578589("ORegAnno")	oreganno:OREG0001755	-	-	psi-mi:"MI:2274"("regulator")	psi-mi:"MI:2275"("regulator target")	psi-mi:"MI:0499"( "unspecified role" )	psi-mi:"MI:0499"( "unspecified role" )	psi-mi:"MI:0326"("protein")	psi-mi:"MI:0250"("gene")	-	-	-	-	-	-	-	-	2017/05/01	2019/05/20	-	-	-	-	-	-	-	-	-	-	-	-	-	-
uniprot:Q09555	uniprot:H2KZA7	geneid:174577	geneid:187903	uniprot:"daf-19"("protein name")	uniprot:"mks-1"("protein name")	psi-mi:"MI:0364"("inferred by curator")	-	pubmed:15790967	taxid:6239("Caenorhabditis elegans")	taxid:6239("Caenorhabditis elegans")	psi-mi:"MI:2232"("molecular association")	pubmed:26578589("ORegAnno")	oreganno:OREG0001756	-	-	psi-mi:"MI:2274"("regulator")	psi-mi:"MI:2275"("regulator target")	psi-mi:"MI:0499"( "unspecified role" )	psi-mi:"MI:0499"( "unspecified role" )	psi-mi:"MI:0326"("protein")	psi-mi:"MI:0250"("gene")	-	-	-	-	-	-	-	-	2017/05/01	2019/05/20	-	-	-	-	-	-	-	-	-	-	-	-	-	-
uniprot:Q09555	uniprot:O17269	geneid:174577	geneid:187903	uniprot:"daf-19"("protein name")	uniprot:"mks-1"("protein name")	psi-mi:"MI:0364"("inferred by curator")	-	pubmed:15790967	taxid:6239("Caenorhabditis elegans")	taxid:6239("Caenorhabditis elegans")	psi-mi:"MI:2232"("molecular association")	pubmed:26578589("ORegAnno")	oreganno:OREG0001756	-	-	psi-mi:"MI:2274"("regulator")	psi-mi:"MI:2275"("regulator target")	psi-mi:"MI:0499"( "unspecified role" )	psi-mi:"MI:0499"( "unspecified role" )	psi-mi:"MI:0326"("protein")	psi-mi:"MI:0250"("gene")	-	-	-	-	-	-	-	-	2017/05/01	2019/05/20	-	-	-	-	-	-	-	-	-	-	-	-	-	-
uniprot:Q09555	uniprot:P90757	geneid:174577	geneid:179666	uniprot:"daf-19"("protein name")	uniprot:"che-11"("protein name")	psi-mi:"MI:0364"("inferred by curator")	-	pubmed:15790967	taxid:6239("Caenorhabditis elegans")	taxid:6239("Caenorhabditis elegans")	psi-mi:"MI:2232"("molecular association")	pubmed:26578589("ORegAnno")	oreganno:OREG0001757	-	-	psi-mi:"MI:2274"("regulator")	psi-mi:"MI:2275"("regulator target")	psi-mi:"MI:0499"( "unspecified role" )	psi-mi:"MI:0499"( "unspecified role" )	psi-mi:"MI:0326"("protein")	psi-mi:"MI:0250"("gene")	-	-	-	-	-	-	-	-	2017/05/01	2019/05/20	-	-	-	-	-	-	-	-	-	-	-	-	-	-
uniprot:Q09555	uniprot:Q09306	geneid:174577	geneid:174312	uniprot:"daf-19"("protein name")	uniprot:"tub-1"("protein name")	psi-mi:"MI:0364"("inferred by curator")	-	pubmed:15790967	taxid:6239("Caenorhabditis elegans")	taxid:6239("Caenorhabditis elegans")	psi-mi:"MI:2232"("molecular association")	pubmed:26578589("ORegAnno")	oreganno:OREG0001758	-	-	psi-mi:"MI:2274"("regulator")	psi-mi:"MI:2275"("regulator target")	psi-mi:"MI:0499"( "unspecified role" )	psi-mi:"MI:0499"( "unspecified role" )	psi-mi:"MI:0326"("protein")	psi-mi:"MI:0250"("gene")	-	-	-	-	-	-	-	-	2017/05/01	2019/05/20	-	-	-	-	-	-	-	-	-	-	-	-	-	-
uniprot:Q09555	uniprot:Q22555	geneid:174577	geneid:179276	uniprot:"daf-19"("protein name")	uniprot:"nhr-44"("protein name")	psi-mi:"MI:0364"("inferred by curator")	-	pubmed:15790967	taxid:6239("Caenorhabditis elegans")	taxid:6239("Caenorhabditis elegans")	psi-mi:"MI:2232"("molecular association")	pubmed:26578589("ORegAnno")	oreganno:OREG0001759	-	-	psi-mi:"MI:2274"("regulator")	psi-mi:"MI:2275"("regulator target")	psi-mi:"MI:0499"( "unspecified role" )	psi-mi:"MI:0499"( "unspecified role" )	psi-mi:"MI:0326"("protein")	psi-mi:"MI:0250"("gene")	-	-	-	-	-	-	-	-	2017/05/01	2019/05/20	-	-	-	-	-	-	-	-	-	-	-	-	-	-
uniprot:Q09555	uniprot:Q18917	geneid:174577	geneid:183892	uniprot:"daf-19"("protein name")	uniprot:"dylt-2"("protein name")	psi-mi:"MI:0364"("inferred by curator")	-	pubmed:15790967	taxid:6239("Caenorhabditis elegans")	taxid:6239("Caenorhabditis elegans")	psi-mi:"MI:2232"("molecular association")	pubmed:26578589("ORegAnno")	oreganno:OREG0001761	-	-	psi-mi:"MI:2274"("regulator")	psi-mi:"MI:2275"("regulator target")	psi-mi:"MI:0499"( "unspecified role" )	psi-mi:"MI:0499"( "unspecified role" )	psi-mi:"MI:0326"("protein")	psi-mi:"MI:0250"("gene")	-	-	-	-	-	-	-	-	2017/05/01	2019/05/20	-	-	-	-	-	-	-	-	-	-	-	-	-	-
uniprot:Q09555	uniprot:G5EGF0	geneid:174577	geneid:180401	uniprot:"daf-19"("protein name")	uniprot:"che-2"("protein name")	psi-mi:"MI:0364"("inferred by curator")	-	pubmed:15790967	taxid:6239("Caenorhabditis elegans")	taxid:6239("Caenorhabditis elegans")	psi-mi:"MI:2232"("molecular association")	pubmed:26578589("ORegAnno")	oreganno:OREG0001786	-	-	psi-mi:"MI:2274"("regulator")	psi-mi:"MI:2275"("regulator target")	psi-mi:"MI:0499"( "unspecified role" )	psi-mi:"MI:0499"( "unspecified role" )	psi-mi:"MI:0326"("protein")	psi-mi:"MI:0250"("gene")	-	-	-	-	-	-	-	-	2017/05/01	2019/05/20	-	-	-	-	-	-	-	-	-	-	-	-	-	-
uniprot:Q09555	uniprot:Q93833	geneid:174577	geneid:186607	uniprot:"daf-19"("protein name")	uniprot:"che-13"("protein name")	psi-mi:"MI:0364"("inferred by curator")	-	pubmed:15790967	taxid:6239("Caenorhabditis elegans")	taxid:6239("Caenorhabditis elegans")	psi-mi:"MI:2232"("molecular association")	pubmed:26578589("ORegAnno")	oreganno:OREG0001787	-	-	psi-mi:"MI:2274"("regulator")	psi-mi:"MI:2275"("regulator target")	psi-mi:"MI:0499"( "unspecified role" )	psi-mi:"MI:0499"( "unspecified role" )	psi-mi:"MI:0326"("protein")	psi-mi:"MI:0250"("gene")	-	-	-	-	-	-	-	-	2017/05/01	2019/05/20	-	-	-	-	-	-	-	-	-	-	-	-	-	-
uniprot:Q09555	uniprot:Q22830	geneid:174577	geneid:181715	uniprot:"daf-19"("protein name")	uniprot:"osm-1"("protein name")	psi-mi:"MI:0364"("inferred by curator")	-	pubmed:15790967	taxid:6239("Caenorhabditis elegans")	taxid:6239("Caenorhabditis elegans")	psi-mi:"MI:2232"("molecular association")	pubmed:26578589("ORegAnno")	oreganno:OREG0001788	-	-	psi-mi:"MI:2274"("regulator")	psi-mi:"MI:2275"("regulator target")	psi-mi:"MI:0499"( "unspecified role" )	psi-mi:"MI:0499"( "unspecified role" )	psi-mi:"MI:0326"("protein")	psi-mi:"MI:0250"("gene")	-	-	-	-	-	-	-	-	2017/05/01	2019/05/20	-	-	-	-	-	-	-	-	-	-	-	-	-	-
uniprot:Q09555	uniprot:G5ED37	geneid:174577	geneid:180585	uniprot:"daf-19"("protein name")	uniprot:"osm-5"("protein name")	psi-mi:"MI:0364"("inferred by curator")	-	pubmed:15790967	taxid:6239("Caenorhabditis elegans")	taxid:6239("Caenorhabditis elegans")	psi-mi:"MI:2232"("molecular association")	pubmed:26578589("ORegAnno")	oreganno:OREG0001789	-	-	psi-mi:"MI:2274"("regulator")	psi-mi:"MI:2275"("regulator target")	psi-mi:"MI:0499"( "unspecified role" )	psi-mi:"MI:0499"( "unspecified role" )	psi-mi:"MI:0326"("protein")	psi-mi:"MI:0250"("gene")	-	-	-	-	-	-	-	-	2017/05/01	2019/05/20	-	-	-	-	-	-	-	-	-	-	-	-	-	-
uniprot:Q09555	uniprot:G5EDF6	geneid:174577	geneid:179631	uniprot:"daf-19"("protein name")	uniprot:"osm-6"("protein name")	psi-mi:"MI:0364"("inferred by curator")	-	pubmed:15790967	taxid:6239("Caenorhabditis elegans")	taxid:6239("Caenorhabditis elegans")	psi-mi:"MI:2232"("molecular association")	pubmed:26578589("ORegAnno")	oreganno:OREG0001790	-	-	psi-mi:"MI:2274"("regulator")	psi-mi:"MI:2275"("regulator target")	psi-mi:"MI:0499"( "unspecified role" )	psi-mi:"MI:0499"( "unspecified role" )	psi-mi:"MI:0326"("protein")	psi-mi:"MI:0250"("gene")	-	-	-	-	-	-	-	-	2017/05/01	2019/05/20	-	-	-	-	-	-	-	-	-	-	-	-	-	-
uniprot:Q09555	uniprot:Q9NEZ7	geneid:174577	geneid:260219	uniprot:"daf-19"("protein name")	uniprot:"bbs-1"("protein name")	psi-mi:"MI:0364"("inferred by curator")	-	pubmed:15790967	taxid:6239("Caenorhabditis elegans")	taxid:6239("Caenorhabditis elegans")	psi-mi:"MI:2232"("molecular association")	pubmed:26578589("ORegAnno")	oreganno:OREG0001791	-	-	psi-mi:"MI:2274"("regulator")	psi-mi:"MI:2275"("regulator target")	psi-mi:"MI:0499"( "unspecified role" )	psi-mi:"MI:0499"( "unspecified role" )	psi-mi:"MI:0326"("protein")	psi-mi:"MI:0250"("gene")	-	-	-	-	-	-	-	-	2017/05/01	2019/05/20	-	-	-	-	-	-	-	-	-	-	-	-	-	-
uniprot:Q09555	uniprot:Q19640	geneid:174577	geneid:259580	uniprot:"daf-19"("protein name")	uniprot:"bbs-2"("protein name")	psi-mi:"MI:0364"("inferred by curator")	-	pubmed:15790967	taxid:6239("Caenorhabditis elegans")	taxid:6239("Caenorhabditis elegans")	psi-mi:"MI:2232"("molecular association")	pubmed:26578589("ORegAnno")	oreganno:OREG0001792	-	-	psi-mi:"MI:2274"("regulator")	psi-mi:"MI:2275"("regulator target")	psi-mi:"MI:0499"( "unspecified role" )	psi-mi:"MI:0499"( "unspecified role" )	psi-mi:"MI:0326"("protein")	psi-mi:"MI:0250"("gene")	-	-	-	-	-	-	-	-	2017/05/01	2019/05/20	-	-	-	-	-	-	-	-	-	-	-	-	-	-
uniprot:Q09555	uniprot:Q21626	geneid:174577	geneid:187516	uniprot:"daf-19"("protein name")	uniprot:"bbs-5"("protein name")	psi-mi:"MI:0364"("inferred by curator")	-	pubmed:15790967	taxid:6239("Caenorhabditis elegans")	taxid:6239("Caenorhabditis elegans")	psi-mi:"MI:2232"("molecular association")	pubmed:26578589("ORegAnno")	oreganno:OREG0001793	-	-	psi-mi:"MI:2274"("regulator")	psi-mi:"MI:2275"("regulator target")	psi-mi:"MI:0499"( "unspecified role" )	psi-mi:"MI:0499"( "unspecified role" )	psi-mi:"MI:0326"("protein")	psi-mi:"MI:0250"("gene")	-	-	-	-	-	-	-	-	2017/05/01	2019/05/20	-	-	-	-	-	-	-	-	-	-	-	-	-	-
uniprot:Q09555	uniprot:Q9XW70	geneid:174577	geneid:190704	uniprot:"daf-19"("protein name")	uniprot:"osm-12"("protein name")	psi-mi:"MI:0364"("inferred by curator")	-	pubmed:15790967	taxid:6239("Caenorhabditis elegans")	taxid:6239("Caenorhabditis elegans")	psi-mi:"MI:2232"("molecular association")	pubmed:26578589("ORegAnno")	oreganno:OREG0001794	-	-	psi-mi:"MI:2274"("regulator")	psi-mi:"MI:2275"("regulator target")	psi-mi:"MI:0499"( "unspecified role" )	psi-mi:"MI:0499"( "unspecified role" )	psi-mi:"MI:0326"("protein")	psi-mi:"MI:0250"("gene")	-	-	-	-	-	-	-	-	2017/05/01	2019/05/20	-	-	-	-	-	-	-	-	-	-	-	-	-	-
uniprot:Q09555	uniprot:Q23049	geneid:174577	geneid:188904	uniprot:"daf-19"("protein name")	uniprot:"bbs-8"("protein name")	psi-mi:"MI:0364"("inferred by curator")	-	pubmed:15790967	taxid:6239("Caenorhabditis elegans")	taxid:6239("Caenorhabditis elegans")	psi-mi:"MI:2232"("molecular association")	pubmed:26578589("ORegAnno")	oreganno:OREG0001795	-	-	psi-mi:"MI:2274"("regulator")	psi-mi:"MI:2275"("regulator target")	psi-mi:"MI:0499"( "unspecified role" )	psi-mi:"MI:0499"( "unspecified role" )	psi-mi:"MI:0326"("protein")	psi-mi:"MI:0250"("gene")	-	-	-	-	-	-	-	-	2017/05/01	2019/05/20	-	-	-	-	-	-	-	-	-	-	-	-	-	-
uniprot:Q09555	uniprot:Q19119	geneid:174577	geneid:184080	uniprot:"daf-19"("protein name")	uniprot:"xbx-1"("protein name")	psi-mi:"MI:0364"("inferred by curator")	-	pubmed:15790967	taxid:6239("Caenorhabditis elegans")	taxid:6239("Caenorhabditis elegans")	psi-mi:"MI:2232"("molecular association")	pubmed:26578589("ORegAnno")	oreganno:OREG0001796	-	-	psi-mi:"MI:2274"("regulator")	psi-mi:"MI:2275"("regulator target")	psi-mi:"MI:0499"( "unspecified role" )	psi-mi:"MI:0499"( "unspecified role" )	psi-mi:"MI:0326"("protein")	psi-mi:"MI:0250"("gene")	-	-	-	-	-	-	-	-	2017/05/01	2019/05/20	-	-	-	-	-	-	-	-	-	-	-	-	-	-
uniprot:Q09555	uniprot:Q8MQ55	geneid:174577	geneid:179361	uniprot:"daf-19"("protein name")	uniprot:"xbx-6"("protein name")	psi-mi:"MI:0364"("inferred by curator")	-	pubmed:15790967	taxid:6239("Caenorhabditis elegans")	taxid:6239("Caenorhabditis elegans")	psi-mi:"MI:2232"("molecular association")	pubmed:26578589("ORegAnno")	oreganno:OREG0001797	-	-	psi-mi:"MI:2274"("regulator")	psi-mi:"MI:2275"("regulator target")	psi-mi:"MI:0499"( "unspecified role" )	psi-mi:"MI:0499"( "unspecified role" )	psi-mi:"MI:0326"("protein")	psi-mi:"MI:0250"("gene")	-	-	-	-	-	-	-	-	2017/05/01	2019/05/20	-	-	-	-	-	-	-	-	-	-	-	-	-	-
uniprot:Q09555	uniprot:Q8MQ56	geneid:174577	geneid:179361	uniprot:"daf-19"("protein name")	uniprot:"xbx-6"("protein name")	psi-mi:"MI:0364"("inferred by curator")	-	pubmed:15790967	taxid:6239("Caenorhabditis elegans")	taxid:6239("Caenorhabditis elegans")	psi-mi:"MI:2232"("molecular association")	pubmed:26578589("ORegAnno")	oreganno:OREG0001797	-	-	psi-mi:"MI:2274"("regulator")	psi-mi:"MI:2275"("regulator target")	psi-mi:"MI:0499"( "unspecified role" )	psi-mi:"MI:0499"( "unspecified role" )	psi-mi:"MI:0326"("protein")	psi-mi:"MI:0250"("gene")	-	-	-	-	-	-	-	-	2017/05/01	2019/05/20	-	-	-	-	-	-	-	-	-	-	-	-	-	-
uniprot:Q09555	uniprot:G5EE74	geneid:174577	geneid:176754	uniprot:"daf-19"("protein name")	uniprot:"nud-1"("protein name")	psi-mi:"MI:0364"("inferred by curator")	-	pubmed:15790967	taxid:6239("Caenorhabditis elegans")	taxid:6239("Caenorhabditis elegans")	psi-mi:"MI:2232"("molecular association")	pubmed:26578589("ORegAnno")	oreganno:OREG0001798	-	-	psi-mi:"MI:2274"("regulator")	psi-mi:"MI:2275"("regulator target")	psi-mi:"MI:0499"( "unspecified role" )	psi-mi:"MI:0499"( "unspecified role" )	psi-mi:"MI:0326"("protein")	psi-mi:"MI:0250"("gene")	-	-	-	-	-	-	-	-	2017/05/01	2019/05/20	-	-	-	-	-	-	-	-	-	-	-	-	-	-
uniprot:Q09555	uniprot:Q8I7F8	geneid:174577	geneid:175950	uniprot:"daf-19"("protein name")	uniprot:"odr-4"("protein name")	psi-mi:"MI:0364"("inferred by curator")	-	pubmed:15790967	taxid:6239("Caenorhabditis elegans")	taxid:6239("Caenorhabditis elegans")	psi-mi:"MI:2232"("molecular association")	pubmed:26578589("ORegAnno")	oreganno:OREG0001799	-	-	psi-mi:"MI:2274"("regulator")	psi-mi:"MI:2275"("regulator target")	psi-mi:"MI:0499"( "unspecified role" )	psi-mi:"MI:0499"( "unspecified role" )	psi-mi:"MI:0326"("protein")	psi-mi:"MI:0250"("gene")	-	-	-	-	-	-	-	-	2017/05/01	2019/05/20	-	-	-	-	-	-	-	-	-	-	-	-	-	-
uniprot:G5EE86	uniprot:P34663	geneid:181357	geneid:176096	uniprot:"ttx-3"("protein name")	uniprot:"ceh-23"("protein name")	psi-mi:"MI:0364"("inferred by curator")	-	pubmed:15177025	taxid:6239("Caenorhabditis elegans")	taxid:6239("Caenorhabditis elegans")	psi-mi:"MI:2232"("molecular association")	pubmed:26578589("ORegAnno")	oreganno:OREG0001972|oreganno:OREG0001937	-	-	psi-mi:"MI:2274"("regulator")	psi-mi:"MI:2275"("regulator target")	psi-mi:"MI:0499"( "unspecified role" )	psi-mi:"MI:0499"( "unspecified role" )	psi-mi:"MI:0326"("protein")	psi-mi:"MI:0250"("gene")	-	-	-	-	-	-	-	-	2017/05/01	2019/05/20	-	-	-	-	-	-	-	-	-	-	-	-	-	-
uniprot:P41935	uniprot:P34663	geneid:175811	geneid:176096	uniprot:"ceh-10"("protein name")	uniprot:"ceh-23"("protein name")	psi-mi:"MI:0364"("inferred by curator")	-	pubmed:15177025	taxid:6239("Caenorhabditis elegans")	taxid:6239("Caenorhabditis elegans")	psi-mi:"MI:2232"("molecular association")	pubmed:26578589("ORegAnno")	oreganno:OREG0001968|oreganno:OREG0002028	-	-	psi-mi:"MI:2274"("regulator")	psi-mi:"MI:2275"("regulator target")	psi-mi:"MI:0499"( "unspecified role" )	psi-mi:"MI:0499"( "unspecified role" )	psi-mi:"MI:0326"("protein")	psi-mi:"MI:0250"("gene")	-	-	-	-	-	-	-	-	2017/05/01	2019/05/20	-	-	-	-	-	-	-	-	-	-	-	-	-	-
uniprot:G5EE86	uniprot:Q20411	geneid:181357	geneid:191782	uniprot:"ttx-3"("protein name")	uniprot:"sra-11"("protein name")	psi-mi:"MI:0364"("inferred by curator")	-	pubmed:15177025	taxid:6239("Caenorhabditis elegans")	taxid:6239("Caenorhabditis elegans")	psi-mi:"MI:2232"("molecular association")	pubmed:26578589("ORegAnno")	oreganno:OREG0001976	-	-	psi-mi:"MI:2274"("regulator")	psi-mi:"MI:2275"("regulator target")	psi-mi:"MI:0499"( "unspecified role" )	psi-mi:"MI:0499"( "unspecified role" )	psi-mi:"MI:0326"("protein")	psi-mi:"MI:0250"("gene")	-	-	-	-	-	-	-	-	2017/05/01	2019/05/20	-	-	-	-	-	-	-	-	-	-	-	-	-	-
uniprot:P41935	uniprot:G5EDX1	geneid:175811	geneid:173282	uniprot:"ceh-10"("protein name")	uniprot:"kal-1"("protein name")	psi-mi:"MI:0364"("inferred by curator")	-	pubmed:15177025	taxid:6239("Caenorhabditis elegans")	taxid:6239("Caenorhabditis elegans")	psi-mi:"MI:2232"("molecular association")	pubmed:26578589("ORegAnno")	oreganno:OREG0001977	-	-	psi-mi:"MI:2274"("regulator")	psi-mi:"MI:2275"("regulator target")	psi-mi:"MI:0499"( "unspecified role" )	psi-mi:"MI:0499"( "unspecified role" )	psi-mi:"MI:0326"("protein")	psi-mi:"MI:0250"("gene")	-	-	-	-	-	-	-	-	2017/05/01	2019/05/20	-	-	-	-	-	-	-	-	-	-	-	-	-	-
uniprot:P41935	uniprot:Q8WS94	geneid:175811	-	uniprot:"ceh-10"("protein name")	uniprot:"kal-1"("protein name")	psi-mi:"MI:0364"("inferred by curator")	-	pubmed:15177025	taxid:6239("Caenorhabditis elegans")	taxid:6239("Caenorhabditis elegans")	psi-mi:"MI:2232"("molecular association")	pubmed:26578589("ORegAnno")	oreganno:OREG0001977	-	-	psi-mi:"MI:2274"("regulator")	psi-mi:"MI:2275"("regulator target")	psi-mi:"MI:0499"( "unspecified role" )	psi-mi:"MI:0499"( "unspecified role" )	psi-mi:"MI:0326"("protein")	psi-mi:"MI:0250"("gene")	-	-	-	-	-	-	-	-	2017/05/01	2019/05/20	-	-	-	-	-	-	-	-	-	-	-	-	-	-
uniprot:G5EE86	uniprot:G5EDX1	geneid:181357	geneid:173282	uniprot:"ttx-3"("protein name")	uniprot:"kal-1"("protein name")	psi-mi:"MI:0364"("inferred by curator")	-	pubmed:15177025	taxid:6239("Caenorhabditis elegans")	taxid:6239("Caenorhabditis elegans")	psi-mi:"MI:2232"("molecular association")	pubmed:26578589("ORegAnno")	oreganno:OREG0001979	-	-	psi-mi:"MI:2274"("regulator")	psi-mi:"MI:2275"("regulator target")	psi-mi:"MI:0499"( "unspecified role" )	psi-mi:"MI:0499"( "unspecified role" )	psi-mi:"MI:0326"("protein")	psi-mi:"MI:0250"("gene")	-	-	-	-	-	-	-	-	2017/05/01	2019/05/20	-	-	-	-	-	-	-	-	-	-	-	-	-	-
uniprot:G5EE86	uniprot:Q8WS94	geneid:181357	-	uniprot:"ttx-3"("protein name")	uniprot:"kal-1"("protein name")	psi-mi:"MI:0364"("inferred by curator")	-	pubmed:15177025	taxid:6239("Caenorhabditis elegans")	taxid:6239("Caenorhabditis elegans")	psi-mi:"MI:2232"("molecular association")	pubmed:26578589("ORegAnno")	oreganno:OREG0001979	-	-	psi-mi:"MI:2274"("regulator")	psi-mi:"MI:2275"("regulator target")	psi-mi:"MI:0499"( "unspecified role" )	psi-mi:"MI:0499"( "unspecified role" )	psi-mi:"MI:0326"("protein")	psi-mi:"MI:0250"("gene")	-	-	-	-	-	-	-	-	2017/05/01	2019/05/20	-	-	-	-	-	-	-	-	-	-	-	-	-	-
uniprot:G5EE86	uniprot:G5ECA8	geneid:181357	geneid:191666	uniprot:"ttx-3"("protein name")	uniprot:"hen-1"("protein name")	psi-mi:"MI:0364"("inferred by curator")	-	pubmed:15177025	taxid:6239("Caenorhabditis elegans")	taxid:6239("Caenorhabditis elegans")	psi-mi:"MI:2232"("molecular association")	pubmed:26578589("ORegAnno")	oreganno:OREG0001982	-	-	psi-mi:"MI:2274"("regulator")	psi-mi:"MI:2275"("regulator target")	psi-mi:"MI:0499"( "unspecified role" )	psi-mi:"MI:0499"( "unspecified role" )	psi-mi:"MI:0326"("protein")	psi-mi:"MI:0250"("gene")	-	-	-	-	-	-	-	-	2017/05/01	2019/05/20	-	-	-	-	-	-	-	-	-	-	-	-	-	-
uniprot:P41935	uniprot:P32756	geneid:175811	geneid:24105307	uniprot:"ceh-10"("protein name")	uniprot:"cha-1"("protein name")	psi-mi:"MI:0364"("inferred by curator")	-	pubmed:15177025	taxid:6239("Caenorhabditis elegans")	taxid:6239("Caenorhabditis elegans")	psi-mi:"MI:2232"("molecular association")	pubmed:26578589("ORegAnno")	oreganno:OREG0001983	-	-	psi-mi:"MI:2274"("regulator")	psi-mi:"MI:2275"("regulator target")	psi-mi:"MI:0499"( "unspecified role" )	psi-mi:"MI:0499"( "unspecified role" )	psi-mi:"MI:0326"("protein")	psi-mi:"MI:0250"("gene")	-	-	-	-	-	-	-	-	2017/05/01	2019/05/20	-	-	-	-	-	-	-	-	-	-	-	-	-	-
uniprot:G5EE86	uniprot:P32756	geneid:181357	geneid:24105307	uniprot:"ttx-3"("protein name")	uniprot:"cha-1"("protein name")	psi-mi:"MI:0364"("inferred by curator")	-	pubmed:15177025	taxid:6239("Caenorhabditis elegans")	taxid:6239("Caenorhabditis elegans")	psi-mi:"MI:2232"("molecular association")	pubmed:26578589("ORegAnno")	oreganno:OREG0001989	-	-	psi-mi:"MI:2274"("regulator")	psi-mi:"MI:2275"("regulator target")	psi-mi:"MI:0499"( "unspecified role" )	psi-mi:"MI:0499"( "unspecified role" )	psi-mi:"MI:0326"("protein")	psi-mi:"MI:0250"("gene")	-	-	-	-	-	-	-	-	2017/05/01	2019/05/20	-	-	-	-	-	-	-	-	-	-	-	-	-	-
uniprot:Q10655	uniprot:Q19076	geneid:181250	geneid:173896	uniprot:"elt-2"("protein name")	uniprot:"pho-1"("protein name")	psi-mi:"MI:0364"("inferred by curator")	-	pubmed:15733671	taxid:6239("Caenorhabditis elegans")	taxid:6239("Caenorhabditis elegans")	psi-mi:"MI:2232"("molecular association")	pubmed:26578589("ORegAnno")	oreganno:OREG0001990	-	-	psi-mi:"MI:2274"("regulator")	psi-mi:"MI:2275"("regulator target")	psi-mi:"MI:0499"( "unspecified role" )	psi-mi:"MI:0499"( "unspecified role" )	psi-mi:"MI:0326"("protein")	psi-mi:"MI:0250"("gene")	-	-	-	-	-	-	-	-	2017/05/01	2019/05/20	-	-	-	-	-	-	-	-	-	-	-	-	-	-
uniprot:G5EE86	uniprot:O02213	geneid:181357	geneid:182110	uniprot:"ttx-3"("protein name")	uniprot:"ser-2"("protein name")	psi-mi:"MI:0364"("inferred by curator")	-	pubmed:15177025	taxid:6239("Caenorhabditis elegans")	taxid:6239("Caenorhabditis elegans")	psi-mi:"MI:2232"("molecular association")	pubmed:26578589("ORegAnno")	oreganno:OREG0001992	-	-	psi-mi:"MI:2274"("regulator")	psi-mi:"MI:2275"("regulator target")	psi-mi:"MI:0499"( "unspecified role" )	psi-mi:"MI:0499"( "unspecified role" )	psi-mi:"MI:0326"("protein")	psi-mi:"MI:0250"("gene")	-	-	-	-	-	-	-	-	2017/05/01	2019/05/20	-	-	-	-	-	-	-	-	-	-	-	-	-	-
uniprot:P41935	uniprot:G5EE86	geneid:175811	geneid:181357	uniprot:"ceh-10"("protein name")	uniprot:"ttx-3"("protein name")	psi-mi:"MI:0364"("inferred by curator")	-	pubmed:15177025	taxid:6239("Caenorhabditis elegans")	taxid:6239("Caenorhabditis elegans")	psi-mi:"MI:2232"("molecular association")	pubmed:26578589("ORegAnno")	oreganno:OREG0001994	-	-	psi-mi:"MI:2274"("regulator")	psi-mi:"MI:2275"("regulator target")	psi-mi:"MI:0499"( "unspecified role" )	psi-mi:"MI:0499"( "unspecified role" )	psi-mi:"MI:0326"("protein")	psi-mi:"MI:0250"("gene")	-	-	-	-	-	-	-	-	2017/05/01	2019/05/20	-	-	-	-	-	-	-	-	-	-	-	-	-	-
uniprot:Q94126	uniprot:G5EDU6	geneid:173365	geneid:175485	uniprot:"ces-2"("protein name")	uniprot:"lin-48"("protein name")	psi-mi:"MI:0364"("inferred by curator")	-	pubmed:16310763	taxid:6239("Caenorhabditis elegans")	taxid:6239("Caenorhabditis elegans")	psi-mi:"MI:2232"("molecular association")	pubmed:26578589("ORegAnno")	oreganno:OREG0001998	-	-	psi-mi:"MI:2274"("regulator")	psi-mi:"MI:2275"("regulator target")	psi-mi:"MI:0499"( "unspecified role" )	psi-mi:"MI:0499"( "unspecified role" )	psi-mi:"MI:0326"("protein")	psi-mi:"MI:0250"("gene")	-	-	-	-	-	-	-	-	2017/05/01	2019/05/20	-	-	-	-	-	-	-	-	-	-	-	-	-	-
uniprot:Q21361	uniprot:G5EDU6	geneid:174399	geneid:175485	uniprot:"atf-2"("protein name")	uniprot:"lin-48"("protein name")	psi-mi:"MI:0364"("inferred by curator")	-	pubmed:16310763	taxid:6239("Caenorhabditis elegans")	taxid:6239("Caenorhabditis elegans")	psi-mi:"MI:2232"("molecular association")	pubmed:26578589("ORegAnno")	oreganno:OREG0001999	-	-	psi-mi:"MI:2274"("regulator")	psi-mi:"MI:2275"("regulator target")	psi-mi:"MI:0499"( "unspecified role" )	psi-mi:"MI:0499"( "unspecified role" )	psi-mi:"MI:0326"("protein")	psi-mi:"MI:0250"("gene")	-	-	-	-	-	-	-	-	2017/05/01	2019/05/20	-	-	-	-	-	-	-	-	-	-	-	-	-	-
uniprot:Q21446	uniprot:Q9U333	geneid:181337	geneid:189313	uniprot:"lin-14"("protein name")	uniprot:"ins-33"("protein name")	psi-mi:"MI:0364"("inferred by curator")	-	pubmed:16314527	taxid:6239("Caenorhabditis elegans")	taxid:6239("Caenorhabditis elegans")	psi-mi:"MI:2232"("molecular association")	pubmed:26578589("ORegAnno")	oreganno:OREG0002001|oreganno:OREG0002000	-	-	psi-mi:"MI:2274"("regulator")	psi-mi:"MI:2275"("regulator target")	psi-mi:"MI:0499"( "unspecified role" )	psi-mi:"MI:0499"( "unspecified role" )	psi-mi:"MI:0326"("protein")	psi-mi:"MI:0250"("gene")	-	-	-	-	-	-	-	-	2017/05/01	2019/05/20	-	-	-	-	-	-	-	-	-	-	-	-	-	-
uniprot:P13528	uniprot:O62414	geneid:176157	geneid:179427	uniprot:"unc-86"("protein name")	uniprot:"ric-4"("protein name")	psi-mi:"MI:0364"("inferred by curator")	-	pubmed:14529613	taxid:6239("Caenorhabditis elegans")	taxid:6239("Caenorhabditis elegans")	psi-mi:"MI:2232"("molecular association")	pubmed:26578589("ORegAnno")	oreganno:OREG0002009	-	-	psi-mi:"MI:2274"("regulator")	psi-mi:"MI:2275"("regulator target")	psi-mi:"MI:0499"( "unspecified role" )	psi-mi:"MI:0499"( "unspecified role" )	psi-mi:"MI:0326"("protein")	psi-mi:"MI:0250"("gene")	-	-	-	-	-	-	-	-	2017/05/01	2019/05/20	-	-	-	-	-	-	-	-	-	-	-	-	-	-
uniprot:P13528	uniprot:A5PEW5	geneid:176157	geneid:179427	uniprot:"unc-86"("protein name")	uniprot:"ric-4"("protein name")	psi-mi:"MI:0364"("inferred by curator")	-	pubmed:14529613	taxid:6239("Caenorhabditis elegans")	taxid:6239("Caenorhabditis elegans")	psi-mi:"MI:2232"("molecular association")	pubmed:26578589("ORegAnno")	oreganno:OREG0002009	-	-	psi-mi:"MI:2274"("regulator")	psi-mi:"MI:2275"("regulator target")	psi-mi:"MI:0499"( "unspecified role" )	psi-mi:"MI:0499"( "unspecified role" )	psi-mi:"MI:0326"("protein")	psi-mi:"MI:0250"("gene")	-	-	-	-	-	-	-	-	2017/05/01	2019/05/20	-	-	-	-	-	-	-	-	-	-	-	-	-	-
uniprot:P09088	uniprot:O62414	geneid:177938	geneid:179427	uniprot:"mec-3"("protein name")	uniprot:"ric-4"("protein name")	psi-mi:"MI:0364"("inferred by curator")	-	pubmed:14529613	taxid:6239("Caenorhabditis elegans")	taxid:6239("Caenorhabditis elegans")	psi-mi:"MI:2232"("molecular association")	pubmed:26578589("ORegAnno")	oreganno:OREG0002010	-	-	psi-mi:"MI:2274"("regulator")	psi-mi:"MI:2275"("regulator target")	psi-mi:"MI:0499"( "unspecified role" )	psi-mi:"MI:0499"( "unspecified role" )	psi-mi:"MI:0326"("protein")	psi-mi:"MI:0250"("gene")	-	-	-	-	-	-	-	-	2017/05/01	2019/05/20	-	-	-	-	-	-	-	-	-	-	-	-	-	-
uniprot:P09088	uniprot:A5PEW5	geneid:177938	geneid:179427	uniprot:"mec-3"("protein name")	uniprot:"ric-4"("protein name")	psi-mi:"MI:0364"("inferred by curator")	-	pubmed:14529613	taxid:6239("Caenorhabditis elegans")	taxid:6239("Caenorhabditis elegans")	psi-mi:"MI:2232"("molecular association")	pubmed:26578589("ORegAnno")	oreganno:OREG0002010	-	-	psi-mi:"MI:2274"("regulator")	psi-mi:"MI:2275"("regulator target")	psi-mi:"MI:0499"( "unspecified role" )	psi-mi:"MI:0499"( "unspecified role" )	psi-mi:"MI:0326"("protein")	psi-mi:"MI:0250"("gene")	-	-	-	-	-	-	-	-	2017/05/01	2019/05/20	-	-	-	-	-	-	-	-	-	-	-	-	-	-
uniprot:A0A0K3AVL3	uniprot:P12845	geneid:180431	geneid:181404	uniprot:"daf-3"("protein name")	uniprot:"myo-2"("protein name")	psi-mi:"MI:0364"("inferred by curator")	-	pubmed:9834189	taxid:6239("Caenorhabditis elegans")	taxid:6239("Caenorhabditis elegans")	psi-mi:"MI:2232"("molecular association")	pubmed:26578589("ORegAnno")	oreganno:OREG0002016	-	-	psi-mi:"MI:2274"("regulator")	psi-mi:"MI:2275"("regulator target")	psi-mi:"MI:0499"( "unspecified role" )	psi-mi:"MI:0499"( "unspecified role" )	psi-mi:"MI:0326"("protein")	psi-mi:"MI:0250"("gene")	-	-	-	-	-	-	-	-	2017/05/01	2019/05/20	-	-	-	-	-	-	-	-	-	-	-	-	-	-
uniprot:A0A0K3AYJ4	uniprot:P12845	geneid:180431	geneid:181404	uniprot:"daf-3"("protein name")	uniprot:"myo-2"("protein name")	psi-mi:"MI:0364"("inferred by curator")	-	pubmed:9834189	taxid:6239("Caenorhabditis elegans")	taxid:6239("Caenorhabditis elegans")	psi-mi:"MI:2232"("molecular association")	pubmed:26578589("ORegAnno")	oreganno:OREG0002016	-	-	psi-mi:"MI:2274"("regulator")	psi-mi:"MI:2275"("regulator target")	psi-mi:"MI:0499"( "unspecified role" )	psi-mi:"MI:0499"( "unspecified role" )	psi-mi:"MI:0326"("protein")	psi-mi:"MI:0250"("gene")	-	-	-	-	-	-	-	-	2017/05/01	2019/05/20	-	-	-	-	-	-	-	-	-	-	-	-	-	-
uniprot:A0A0K3AWB3	uniprot:P12845	geneid:180431	geneid:181404	uniprot:"daf-3"("protein name")	uniprot:"myo-2"("protein name")	psi-mi:"MI:0364"("inferred by curator")	-	pubmed:9834189	taxid:6239("Caenorhabditis elegans")	taxid:6239("Caenorhabditis elegans")	psi-mi:"MI:2232"("molecular association")	pubmed:26578589("ORegAnno")	oreganno:OREG0002016	-	-	psi-mi:"MI:2274"("regulator")	psi-mi:"MI:2275"("regulator target")	psi-mi:"MI:0499"( "unspecified role" )	psi-mi:"MI:0499"( "unspecified role" )	psi-mi:"MI:0326"("protein")	psi-mi:"MI:0250"("gene")	-	-	-	-	-	-	-	-	2017/05/01	2019/05/20	-	-	-	-	-	-	-	-	-	-	-	-	-	-
uniprot:Q95QI8	uniprot:P12845	geneid:180431	geneid:181404	uniprot:"daf-3"("protein name")	uniprot:"myo-2"("protein name")	psi-mi:"MI:0364"("inferred by curator")	-	pubmed:9834189	taxid:6239("Caenorhabditis elegans")	taxid:6239("Caenorhabditis elegans")	psi-mi:"MI:2232"("molecular association")	pubmed:26578589("ORegAnno")	oreganno:OREG0002016	-	-	psi-mi:"MI:2274"("regulator")	psi-mi:"MI:2275"("regulator target")	psi-mi:"MI:0499"( "unspecified role" )	psi-mi:"MI:0499"( "unspecified role" )	psi-mi:"MI:0326"("protein")	psi-mi:"MI:0250"("gene")	-	-	-	-	-	-	-	-	2017/05/01	2019/05/20	-	-	-	-	-	-	-	-	-	-	-	-	-	-
uniprot:A0A0K3ATA0	uniprot:P12845	geneid:180431	geneid:181404	uniprot:"daf-3"("protein name")	uniprot:"myo-2"("protein name")	psi-mi:"MI:0364"("inferred by curator")	-	pubmed:9834189	taxid:6239("Caenorhabditis elegans")	taxid:6239("Caenorhabditis elegans")	psi-mi:"MI:2232"("molecular association")	pubmed:26578589("ORegAnno")	oreganno:OREG0002016	-	-	psi-mi:"MI:2274"("regulator")	psi-mi:"MI:2275"("regulator target")	psi-mi:"MI:0499"( "unspecified role" )	psi-mi:"MI:0499"( "unspecified role" )	psi-mi:"MI:0326"("protein")	psi-mi:"MI:0250"("gene")	-	-	-	-	-	-	-	-	2017/05/01	2019/05/20	-	-	-	-	-	-	-	-	-	-	-	-	-	-
uniprot:A0A0K3AVK9	uniprot:P12845	geneid:180431	geneid:181404	uniprot:"daf-3"("protein name")	uniprot:"myo-2"("protein name")	psi-mi:"MI:0364"("inferred by curator")	-	pubmed:9834189	taxid:6239("Caenorhabditis elegans")	taxid:6239("Caenorhabditis elegans")	psi-mi:"MI:2232"("molecular association")	pubmed:26578589("ORegAnno")	oreganno:OREG0002016	-	-	psi-mi:"MI:2274"("regulator")	psi-mi:"MI:2275"("regulator target")	psi-mi:"MI:0499"( "unspecified role" )	psi-mi:"MI:0499"( "unspecified role" )	psi-mi:"MI:0326"("protein")	psi-mi:"MI:0250"("gene")	-	-	-	-	-	-	-	-	2017/05/01	2019/05/20	-	-	-	-	-	-	-	-	-	-	-	-	-	-
uniprot:Q95QI7	uniprot:P12845	geneid:180431	geneid:181404	uniprot:"daf-3"("protein name")	uniprot:"myo-2"("protein name")	psi-mi:"MI:0364"("inferred by curator")	-	pubmed:9834189	taxid:6239("Caenorhabditis elegans")	taxid:6239("Caenorhabditis elegans")	psi-mi:"MI:2232"("molecular association")	pubmed:26578589("ORegAnno")	oreganno:OREG0002016	-	-	psi-mi:"MI:2274"("regulator")	psi-mi:"MI:2275"("regulator target")	psi-mi:"MI:0499"( "unspecified role" )	psi-mi:"MI:0499"( "unspecified role" )	psi-mi:"MI:0326"("protein")	psi-mi:"MI:0250"("gene")	-	-	-	-	-	-	-	-	2017/05/01	2019/05/20	-	-	-	-	-	-	-	-	-	-	-	-	-	-
uniprot:A0A0K3ASQ1	uniprot:P12845	geneid:180431	geneid:181404	uniprot:"daf-3"("protein name")	uniprot:"myo-2"("protein name")	psi-mi:"MI:0364"("inferred by curator")	-	pubmed:9834189	taxid:6239("Caenorhabditis elegans")	taxid:6239("Caenorhabditis elegans")	psi-mi:"MI:2232"("molecular association")	pubmed:26578589("ORegAnno")	oreganno:OREG0002016	-	-	psi-mi:"MI:2274"("regulator")	psi-mi:"MI:2275"("regulator target")	psi-mi:"MI:0499"( "unspecified role" )	psi-mi:"MI:0499"( "unspecified role" )	psi-mi:"MI:0326"("protein")	psi-mi:"MI:0250"("gene")	-	-	-	-	-	-	-	-	2017/05/01	2019/05/20	-	-	-	-	-	-	-	-	-	-	-	-	-	-
uniprot:O17532	uniprot:P12845	geneid:180431	geneid:181404	uniprot:"daf-3"("protein name")	uniprot:"myo-2"("protein name")	psi-mi:"MI:0364"("inferred by curator")	-	pubmed:9834189	taxid:6239("Caenorhabditis elegans")	taxid:6239("Caenorhabditis elegans")	psi-mi:"MI:2232"("molecular association")	pubmed:26578589("ORegAnno")	oreganno:OREG0002016	-	-	psi-mi:"MI:2274"("regulator")	psi-mi:"MI:2275"("regulator target")	psi-mi:"MI:0499"( "unspecified role" )	psi-mi:"MI:0499"( "unspecified role" )	psi-mi:"MI:0326"("protein")	psi-mi:"MI:0250"("gene")	-	-	-	-	-	-	-	-	2017/05/01	2019/05/20	-	-	-	-	-	-	-	-	-	-	-	-	-	-
uniprot:O18214	uniprot:G5EEQ5	geneid:174533	geneid:174585	uniprot:"mab-3"("protein name")	uniprot:"ref-1"("protein name")	psi-mi:"MI:0364"("inferred by curator")	-	pubmed:15935777	taxid:6239("Caenorhabditis elegans")	taxid:6239("Caenorhabditis elegans")	psi-mi:"MI:2232"("molecular association")	pubmed:26578589("ORegAnno")	oreganno:OREG0002017|oreganno:OREG0002018	-	-	psi-mi:"MI:2274"("regulator")	psi-mi:"MI:2275"("regulator target")	psi-mi:"MI:0499"( "unspecified role" )	psi-mi:"MI:0499"( "unspecified role" )	psi-mi:"MI:0326"("protein")	psi-mi:"MI:0250"("gene")	-	-	-	-	-	-	-	-	2017/05/01	2019/05/20	-	-	-	-	-	-	-	-	-	-	-	-	-	-
uniprot:H2KZM4	uniprot:P12845	geneid:180532	geneid:181404	uniprot:"peb-1"("protein name")	uniprot:"myo-2"("protein name")	psi-mi:"MI:0364"("inferred by curator")	-	pubmed:11203704	taxid:6239("Caenorhabditis elegans")	taxid:6239("Caenorhabditis elegans")	psi-mi:"MI:2232"("molecular association")	pubmed:26578589("ORegAnno")	oreganno:OREG0002020	-	-	psi-mi:"MI:2274"("regulator")	psi-mi:"MI:2275"("regulator target")	psi-mi:"MI:0499"( "unspecified role" )	psi-mi:"MI:0499"( "unspecified role" )	psi-mi:"MI:0326"("protein")	psi-mi:"MI:0250"("gene")	-	-	-	-	-	-	-	-	2017/05/01	2019/05/20	-	-	-	-	-	-	-	-	-	-	-	-	-	-
uniprot:Q7Z1Q1	uniprot:P12845	geneid:180532	geneid:181404	uniprot:"peb-1"("protein name")	uniprot:"myo-2"("protein name")	psi-mi:"MI:0364"("inferred by curator")	-	pubmed:11203704	taxid:6239("Caenorhabditis elegans")	taxid:6239("Caenorhabditis elegans")	psi-mi:"MI:2232"("molecular association")	pubmed:26578589("ORegAnno")	oreganno:OREG0002020	-	-	psi-mi:"MI:2274"("regulator")	psi-mi:"MI:2275"("regulator target")	psi-mi:"MI:0499"( "unspecified role" )	psi-mi:"MI:0499"( "unspecified role" )	psi-mi:"MI:0326"("protein")	psi-mi:"MI:0250"("gene")	-	-	-	-	-	-	-	-	2017/05/01	2019/05/20	-	-	-	-	-	-	-	-	-	-	-	-	-	-
uniprot:O18214	uniprot:P05690	geneid:174533	geneid:180781	uniprot:"mab-3"("protein name")	uniprot:"vit-2"("protein name")	psi-mi:"MI:0364"("inferred by curator")	-	pubmed:9927589	taxid:6239("Caenorhabditis elegans")	taxid:6239("Caenorhabditis elegans")	psi-mi:"MI:2232"("molecular association")	pubmed:26578589("ORegAnno")	oreganno:OREG0002023	-	-	psi-mi:"MI:2274"("regulator")	psi-mi:"MI:2275"("regulator target")	psi-mi:"MI:0499"( "unspecified role" )	psi-mi:"MI:0499"( "unspecified role" )	psi-mi:"MI:0326"("protein")	psi-mi:"MI:0250"("gene")	-	-	-	-	-	-	-	-	2017/05/01	2019/05/20	-	-	-	-	-	-	-	-	-	-	-	-	-	-
uniprot:P41935	uniprot:P41935	geneid:175811	geneid:175811	uniprot:"ceh-10"("protein name")	uniprot:"ceh-10"("protein name")	psi-mi:"MI:0364"("inferred by curator")	-	pubmed:15177025	taxid:6239("Caenorhabditis elegans")	taxid:6239("Caenorhabditis elegans")	psi-mi:"MI:2232"("molecular association")	pubmed:26578589("ORegAnno")	oreganno:OREG0002026	-	-	psi-mi:"MI:2274"("regulator")	psi-mi:"MI:2275"("regulator target")	psi-mi:"MI:0499"( "unspecified role" )	psi-mi:"MI:0499"( "unspecified role" )	psi-mi:"MI:0326"("protein")	psi-mi:"MI:0250"("gene")	-	-	-	-	-	-	-	-	2017/05/01	2019/05/20	-	-	-	-	-	-	-	-	-	-	-	-	-	-
uniprot:G5EE86	uniprot:P41935	geneid:181357	geneid:175811	uniprot:"ttx-3"("protein name")	uniprot:"ceh-10"("protein name")	psi-mi:"MI:0364"("inferred by curator")	-	pubmed:15177025	taxid:6239("Caenorhabditis elegans")	taxid:6239("Caenorhabditis elegans")	psi-mi:"MI:2232"("molecular association")	pubmed:26578589("ORegAnno")	oreganno:OREG0002027	-	-	psi-mi:"MI:2274"("regulator")	psi-mi:"MI:2275"("regulator target")	psi-mi:"MI:0499"( "unspecified role" )	psi-mi:"MI:0499"( "unspecified role" )	psi-mi:"MI:0326"("protein")	psi-mi:"MI:0250"("gene")	-	-	-	-	-	-	-	-	2017/05/01	2019/05/20	-	-	-	-	-	-	-	-	-	-	-	-	-	-
uniprot:P41935	uniprot:Q20411	geneid:175811	geneid:191782	uniprot:"ceh-10"("protein name")	uniprot:"sra-11"("protein name")	psi-mi:"MI:0364"("inferred by curator")	-	pubmed:15177025	taxid:6239("Caenorhabditis elegans")	taxid:6239("Caenorhabditis elegans")	psi-mi:"MI:2232"("molecular association")	pubmed:26578589("ORegAnno")	oreganno:OREG0002032	-	-	psi-mi:"MI:2274"("regulator")	psi-mi:"MI:2275"("regulator target")	psi-mi:"MI:0499"( "unspecified role" )	psi-mi:"MI:0499"( "unspecified role" )	psi-mi:"MI:0326"("protein")	psi-mi:"MI:0250"("gene")	-	-	-	-	-	-	-	-	2017/05/01	2019/05/20	-	-	-	-	-	-	-	-	-	-	-	-	-	-
uniprot:P41936	uniprot:P12845	geneid:179485	geneid:181404	uniprot:"ceh-22"("protein name")	uniprot:"myo-2"("protein name")	psi-mi:"MI:0364"("inferred by curator")	-	pubmed:7925019	taxid:6239("Caenorhabditis elegans")	taxid:6239("Caenorhabditis elegans")	psi-mi:"MI:2232"("molecular association")	pubmed:26578589("ORegAnno")	oreganno:OREG0002033	-	-	psi-mi:"MI:2274"("regulator")	psi-mi:"MI:2275"("regulator target")	psi-mi:"MI:0499"( "unspecified role" )	psi-mi:"MI:0499"( "unspecified role" )	psi-mi:"MI:0326"("protein")	psi-mi:"MI:0250"("gene")	-	-	-	-	-	-	-	-	2017/05/01	2019/05/20	-	-	-	-	-	-	-	-	-	-	-	-	-	-
uniprot:P41935	uniprot:G5ECA8	geneid:175811	geneid:191666	uniprot:"ceh-10"("protein name")	uniprot:"hen-1"("protein name")	psi-mi:"MI:0364"("inferred by curator")	-	pubmed:15177025	taxid:6239("Caenorhabditis elegans")	taxid:6239("Caenorhabditis elegans")	psi-mi:"MI:2232"("molecular association")	pubmed:26578589("ORegAnno")	oreganno:OREG0002035	-	-	psi-mi:"MI:2274"("regulator")	psi-mi:"MI:2275"("regulator target")	psi-mi:"MI:0499"( "unspecified role" )	psi-mi:"MI:0499"( "unspecified role" )	psi-mi:"MI:0326"("protein")	psi-mi:"MI:0250"("gene")	-	-	-	-	-	-	-	-	2017/05/01	2019/05/20	-	-	-	-	-	-	-	-	-	-	-	-	-	-
uniprot:P41935	uniprot:O02213	geneid:175811	geneid:182110	uniprot:"ceh-10"("protein name")	uniprot:"ser-2"("protein name")	psi-mi:"MI:0364"("inferred by curator")	-	pubmed:15177025	taxid:6239("Caenorhabditis elegans")	taxid:6239("Caenorhabditis elegans")	psi-mi:"MI:2232"("molecular association")	pubmed:26578589("ORegAnno")	oreganno:OREG0002036	-	-	psi-mi:"MI:2274"("regulator")	psi-mi:"MI:2275"("regulator target")	psi-mi:"MI:0499"( "unspecified role" )	psi-mi:"MI:0499"( "unspecified role" )	psi-mi:"MI:0326"("protein")	psi-mi:"MI:0250"("gene")	-	-	-	-	-	-	-	-	2017/05/01	2019/05/20	-	-	-	-	-	-	-	-	-	-	-	-	-	-
uniprot:G5EE86	uniprot:G5EE86	geneid:181357	geneid:181357	uniprot:"ttx-3"("protein name")	uniprot:"ttx-3"("protein name")	psi-mi:"MI:0364"("inferred by curator")	-	pubmed:15177025	taxid:6239("Caenorhabditis elegans")	taxid:6239("Caenorhabditis elegans")	psi-mi:"MI:2232"("molecular association")	pubmed:26578589("ORegAnno")	oreganno:OREG0002037	-	-	psi-mi:"MI:2274"("regulator")	psi-mi:"MI:2275"("regulator target")	psi-mi:"MI:0499"( "unspecified role" )	psi-mi:"MI:0499"( "unspecified role" )	psi-mi:"MI:0326"("protein")	psi-mi:"MI:0250"("gene")	-	-	-	-	-	-	-	-	2017/05/01	2019/05/20	-	-	-	-	-	-	-	-	-	-	-	-	-	-
uniprot:G5EFF5	uniprot:Q9U9Y8	geneid:181263	geneid:176808	uniprot:"daf-12"("protein name")	uniprot:"lit-1"("protein name")	psi-mi:"MI:0364"("inferred by curator")	-	pubmed:15489294	taxid:6239("Caenorhabditis elegans")	taxid:6239("Caenorhabditis elegans")	psi-mi:"MI:2232"("molecular association")	pubmed:26578589("ORegAnno")	oreganno:OREG0002049|oreganno:OREG0002048|oreganno:OREG0002051|oreganno:OREG0002047|oreganno:OREG0002050|oreganno:OREG0002046	-	-	psi-mi:"MI:2274"("regulator")	psi-mi:"MI:2275"("regulator target")	psi-mi:"MI:0499"( "unspecified role" )	psi-mi:"MI:0499"( "unspecified role" )	psi-mi:"MI:0326"("protein")	psi-mi:"MI:0250"("gene")	-	-	-	-	-	-	-	-	2017/05/01	2019/05/20	-	-	-	-	-	-	-	-	-	-	-	-	-	-
uniprot:G5EE86	uniprot:H2KYH7	geneid:181357	geneid:182801	uniprot:"ttx-3"("protein name")	uniprot:"inx-18"("protein name")	psi-mi:"MI:0364"("inferred by curator")	-	pubmed:15177025	taxid:6239("Caenorhabditis elegans")	taxid:6239("Caenorhabditis elegans")	psi-mi:"MI:2232"("molecular association")	pubmed:26578589("ORegAnno")	oreganno:OREG0002053	-	-	psi-mi:"MI:2274"("regulator")	psi-mi:"MI:2275"("regulator target")	psi-mi:"MI:0499"( "unspecified role" )	psi-mi:"MI:0499"( "unspecified role" )	psi-mi:"MI:0326"("protein")	psi-mi:"MI:0250"("gene")	-	-	-	-	-	-	-	-	2017/05/01	2019/05/20	-	-	-	-	-	-	-	-	-	-	-	-	-	-
uniprot:G5EE86	uniprot:Q8MXG8	geneid:181357	geneid:182801	uniprot:"ttx-3"("protein name")	uniprot:"inx-18"("protein name")	psi-mi:"MI:0364"("inferred by curator")	-	pubmed:15177025	taxid:6239("Caenorhabditis elegans")	taxid:6239("Caenorhabditis elegans")	psi-mi:"MI:2232"("molecular association")	pubmed:26578589("ORegAnno")	oreganno:OREG0002053	-	-	psi-mi:"MI:2274"("regulator")	psi-mi:"MI:2275"("regulator target")	psi-mi:"MI:0499"( "unspecified role" )	psi-mi:"MI:0499"( "unspecified role" )	psi-mi:"MI:0326"("protein")	psi-mi:"MI:0250"("gene")	-	-	-	-	-	-	-	-	2017/05/01	2019/05/20	-	-	-	-	-	-	-	-	-	-	-	-	-	-
uniprot:P41935	uniprot:H2KYH7	geneid:175811	geneid:182801	uniprot:"ceh-10"("protein name")	uniprot:"inx-18"("protein name")	psi-mi:"MI:0364"("inferred by curator")	-	pubmed:15177025	taxid:6239("Caenorhabditis elegans")	taxid:6239("Caenorhabditis elegans")	psi-mi:"MI:2232"("molecular association")	pubmed:26578589("ORegAnno")	oreganno:OREG0002054	-	-	psi-mi:"MI:2274"("regulator")	psi-mi:"MI:2275"("regulator target")	psi-mi:"MI:0499"( "unspecified role" )	psi-mi:"MI:0499"( "unspecified role" )	psi-mi:"MI:0326"("protein")	psi-mi:"MI:0250"("gene")	-	-	-	-	-	-	-	-	2017/05/01	2019/05/20	-	-	-	-	-	-	-	-	-	-	-	-	-	-
uniprot:P41935	uniprot:Q8MXG8	geneid:175811	geneid:182801	uniprot:"ceh-10"("protein name")	uniprot:"inx-18"("protein name")	psi-mi:"MI:0364"("inferred by curator")	-	pubmed:15177025	taxid:6239("Caenorhabditis elegans")	taxid:6239("Caenorhabditis elegans")	psi-mi:"MI:2232"("molecular association")	pubmed:26578589("ORegAnno")	oreganno:OREG0002054	-	-	psi-mi:"MI:2274"("regulator")	psi-mi:"MI:2275"("regulator target")	psi-mi:"MI:0499"( "unspecified role" )	psi-mi:"MI:0499"( "unspecified role" )	psi-mi:"MI:0326"("protein")	psi-mi:"MI:0250"("gene")	-	-	-	-	-	-	-	-	2017/05/01	2019/05/20	-	-	-	-	-	-	-	-	-	-	-	-	-	-
uniprot:G5EFF5	uniprot:P41936	geneid:181263	geneid:179485	uniprot:"daf-12"("protein name")	uniprot:"ceh-22"("protein name")	psi-mi:"MI:0364"("inferred by curator")	-	pubmed:15375261	taxid:6239("Caenorhabditis elegans")	taxid:6239("Caenorhabditis elegans")	psi-mi:"MI:2232"("molecular association")	pubmed:26578589("ORegAnno")	oreganno:OREG0002056|oreganno:OREG0002055	-	-	psi-mi:"MI:2274"("regulator")	psi-mi:"MI:2275"("regulator target")	psi-mi:"MI:0499"( "unspecified role" )	psi-mi:"MI:0499"( "unspecified role" )	psi-mi:"MI:0326"("protein")	psi-mi:"MI:0250"("gene")	-	-	-	-	-	-	-	-	2017/05/01	2019/05/20	-	-	-	-	-	-	-	-	-	-	-	-	-	-
uniprot:G5EFF5	uniprot:P12845	geneid:181263	geneid:181404	uniprot:"daf-12"("protein name")	uniprot:"myo-2"("protein name")	psi-mi:"MI:0364"("inferred by curator")	-	pubmed:15375261	taxid:6239("Caenorhabditis elegans")	taxid:6239("Caenorhabditis elegans")	psi-mi:"MI:2232"("molecular association")	pubmed:26578589("ORegAnno")	oreganno:OREG0002057	-	-	psi-mi:"MI:2274"("regulator")	psi-mi:"MI:2275"("regulator target")	psi-mi:"MI:0499"( "unspecified role" )	psi-mi:"MI:0499"( "unspecified role" )	psi-mi:"MI:0326"("protein")	psi-mi:"MI:0250"("gene")	-	-	-	-	-	-	-	-	2017/05/01	2019/05/20	-	-	-	-	-	-	-	-	-	-	-	-	-	-
uniprot:G5ED89	uniprot:Q19733	geneid:172507	geneid:181415	uniprot:"dcp-66"("protein name")	uniprot:"pgp-12"("protein name")	psi-mi:"MI:0364"("inferred by curator")	-	pubmed:16159881	taxid:6239("Caenorhabditis elegans")	taxid:6239("Caenorhabditis elegans")	psi-mi:"MI:2232"("molecular association")	pubmed:26578589("ORegAnno")	oreganno:OREG0004194	-	-	psi-mi:"MI:2274"("regulator")	psi-mi:"MI:2275"("regulator target")	psi-mi:"MI:0499"( "unspecified role" )	psi-mi:"MI:0499"( "unspecified role" )	psi-mi:"MI:0326"("protein")	psi-mi:"MI:0250"("gene")	-	-	-	-	-	-	-	-	2017/05/01	2019/05/20	-	-	-	-	-	-	-	-	-	-	-	-	-	-
uniprot:G5ECM2	uniprot:Q19733	geneid:172507	geneid:181415	uniprot:"dcp-66"("protein name")	uniprot:"pgp-12"("protein name")	psi-mi:"MI:0364"("inferred by curator")	-	pubmed:16159881	taxid:6239("Caenorhabditis elegans")	taxid:6239("Caenorhabditis elegans")	psi-mi:"MI:2232"("molecular association")	pubmed:26578589("ORegAnno")	oreganno:OREG0004194	-	-	psi-mi:"MI:2274"("regulator")	psi-mi:"MI:2275"("regulator target")	psi-mi:"MI:0499"( "unspecified role" )	psi-mi:"MI:0499"( "unspecified role" )	psi-mi:"MI:0326"("protein")	psi-mi:"MI:0250"("gene")	-	-	-	-	-	-	-	-	2017/05/01	2019/05/20	-	-	-	-	-	-	-	-	-	-	-	-	-	-
uniprot:Q09555	uniprot:H2L0N8	geneid:174577	geneid:171765	uniprot:"daf-19"("protein name")	uniprot:"arl-13"("protein name")	psi-mi:"MI:0364"("inferred by curator")	-	pubmed:15314642	taxid:6239("Caenorhabditis elegans")	taxid:6239("Caenorhabditis elegans")	psi-mi:"MI:2232"("molecular association")	pubmed:26578589("ORegAnno")	oreganno:OREG0004228	-	-	psi-mi:"MI:2274"("regulator")	psi-mi:"MI:2275"("regulator target")	psi-mi:"MI:0499"( "unspecified role" )	psi-mi:"MI:0499"( "unspecified role" )	psi-mi:"MI:0326"("protein")	psi-mi:"MI:0250"("gene")	-	-	-	-	-	-	-	-	2017/05/01	2019/05/20	-	-	-	-	-	-	-	-	-	-	-	-	-	-
uniprot:Q09555	uniprot:Q18510	geneid:174577	geneid:183311	uniprot:"daf-19"("protein name")	uniprot:"arl-6"("protein name")	psi-mi:"MI:0364"("inferred by curator")	-	pubmed:15314642	taxid:6239("Caenorhabditis elegans")	taxid:6239("Caenorhabditis elegans")	psi-mi:"MI:2232"("molecular association")	pubmed:26578589("ORegAnno")	oreganno:OREG0004229	-	-	psi-mi:"MI:2274"("regulator")	psi-mi:"MI:2275"("regulator target")	psi-mi:"MI:0499"( "unspecified role" )	psi-mi:"MI:0499"( "unspecified role" )	psi-mi:"MI:0326"("protein")	psi-mi:"MI:0250"("gene")	-	-	-	-	-	-	-	-	2017/05/01	2019/05/20	-	-	-	-	-	-	-	-	-	-	-	-	-	-
uniprot:Q17381	uniprot:H2KYX6	geneid:180357	geneid:173391	uniprot:"pha-4"("protein name")	uniprot:"H2KYX6_CAEEL"("protein name")	psi-mi:"MI:0364"("inferred by curator")	-	pubmed:15492775	taxid:6239("Caenorhabditis elegans")	taxid:6239("Caenorhabditis elegans")	psi-mi:"MI:2232"("molecular association")	pubmed:26578589("ORegAnno")	oreganno:OREG0004230	-	-	psi-mi:"MI:2274"("regulator")	psi-mi:"MI:2275"("regulator target")	psi-mi:"MI:0499"( "unspecified role" )	psi-mi:"MI:0499"( "unspecified role" )	psi-mi:"MI:0326"("protein")	psi-mi:"MI:0250"("gene")	-	-	-	-	-	-	-	-	2017/05/01	2019/05/20	-	-	-	-	-	-	-	-	-	-	-	-	-	-
uniprot:Q17381	uniprot:A0A2C9C306	geneid:180357	-	uniprot:"pha-4"("protein name")	uniprot:"A0A2C9C306_CAEEL"("protein name")	psi-mi:"MI:0364"("inferred by curator")	-	pubmed:15492775	taxid:6239("Caenorhabditis elegans")	taxid:6239("Caenorhabditis elegans")	psi-mi:"MI:2232"("molecular association")	pubmed:26578589("ORegAnno")	oreganno:OREG0004230	-	-	psi-mi:"MI:2274"("regulator")	psi-mi:"MI:2275"("regulator target")	psi-mi:"MI:0499"( "unspecified role" )	psi-mi:"MI:0499"( "unspecified role" )	psi-mi:"MI:0326"("protein")	psi-mi:"MI:0250"("gene")	-	-	-	-	-	-	-	-	2017/05/01	2019/05/20	-	-	-	-	-	-	-	-	-	-	-	-	-	-
uniprot:Q17381	uniprot:A0A0K3ATW3	geneid:180357	geneid:173391	uniprot:"pha-4"("protein name")	uniprot:"A0A0K3ATW3_CAEEL"("protein name")	psi-mi:"MI:0364"("inferred by curator")	-	pubmed:15492775	taxid:6239("Caenorhabditis elegans")	taxid:6239("Caenorhabditis elegans")	psi-mi:"MI:2232"("molecular association")	pubmed:26578589("ORegAnno")	oreganno:OREG0004230	-	-	psi-mi:"MI:2274"("regulator")	psi-mi:"MI:2275"("regulator target")	psi-mi:"MI:0499"( "unspecified role" )	psi-mi:"MI:0499"( "unspecified role" )	psi-mi:"MI:0326"("protein")	psi-mi:"MI:0250"("gene")	-	-	-	-	-	-	-	-	2017/05/01	2019/05/20	-	-	-	-	-	-	-	-	-	-	-	-	-	-
uniprot:Q17381	uniprot:H2KYX5	geneid:180357	geneid:173391	uniprot:"pha-4"("protein name")	uniprot:"H2KYX5_CAEEL"("protein name")	psi-mi:"MI:0364"("inferred by curator")	-	pubmed:15492775	taxid:6239("Caenorhabditis elegans")	taxid:6239("Caenorhabditis elegans")	psi-mi:"MI:2232"("molecular association")	pubmed:26578589("ORegAnno")	oreganno:OREG0004230	-	-	psi-mi:"MI:2274"("regulator")	psi-mi:"MI:2275"("regulator target")	psi-mi:"MI:0499"( "unspecified role" )	psi-mi:"MI:0499"( "unspecified role" )	psi-mi:"MI:0326"("protein")	psi-mi:"MI:0250"("gene")	-	-	-	-	-	-	-	-	2017/05/01	2019/05/20	-	-	-	-	-	-	-	-	-	-	-	-	-	-
uniprot:Q17381	uniprot:Q6A5A0	geneid:180357	geneid:173391	uniprot:"pha-4"("protein name")	uniprot:"Q6A5A0_CAEEL"("protein name")	psi-mi:"MI:0364"("inferred by curator")	-	pubmed:15492775	taxid:6239("Caenorhabditis elegans")	taxid:6239("Caenorhabditis elegans")	psi-mi:"MI:2232"("molecular association")	pubmed:26578589("ORegAnno")	oreganno:OREG0004230	-	-	psi-mi:"MI:2274"("regulator")	psi-mi:"MI:2275"("regulator target")	psi-mi:"MI:0499"( "unspecified role" )	psi-mi:"MI:0499"( "unspecified role" )	psi-mi:"MI:0326"("protein")	psi-mi:"MI:0250"("gene")	-	-	-	-	-	-	-	-	2017/05/01	2019/05/20	-	-	-	-	-	-	-	-	-	-	-	-	-	-
uniprot:Q17381	uniprot:V6CLU0	geneid:180357	geneid:178740	uniprot:"pha-4"("protein name")	uniprot:"ketn-1"("protein name")	psi-mi:"MI:0364"("inferred by curator")	-	pubmed:15492775	taxid:6239("Caenorhabditis elegans")	taxid:6239("Caenorhabditis elegans")	psi-mi:"MI:2232"("molecular association")	pubmed:26578589("ORegAnno")	oreganno:OREG0004234	-	-	psi-mi:"MI:2274"("regulator")	psi-mi:"MI:2275"("regulator target")	psi-mi:"MI:0499"( "unspecified role" )	psi-mi:"MI:0499"( "unspecified role" )	psi-mi:"MI:0326"("protein")	psi-mi:"MI:0250"("gene")	-	-	-	-	-	-	-	-	2017/05/01	2019/05/20	-	-	-	-	-	-	-	-	-	-	-	-	-	-
uniprot:Q17381	uniprot:V6CJB8	geneid:180357	geneid:178740	uniprot:"pha-4"("protein name")	uniprot:"ketn-1"("protein name")	psi-mi:"MI:0364"("inferred by curator")	-	pubmed:15492775	taxid:6239("Caenorhabditis elegans")	taxid:6239("Caenorhabditis elegans")	psi-mi:"MI:2232"("molecular association")	pubmed:26578589("ORegAnno")	oreganno:OREG0004234	-	-	psi-mi:"MI:2274"("regulator")	psi-mi:"MI:2275"("regulator target")	psi-mi:"MI:0499"( "unspecified role" )	psi-mi:"MI:0499"( "unspecified role" )	psi-mi:"MI:0326"("protein")	psi-mi:"MI:0250"("gene")	-	-	-	-	-	-	-	-	2017/05/01	2019/05/20	-	-	-	-	-	-	-	-	-	-	-	-	-	-
uniprot:Q17381	uniprot:V6CLP5	geneid:180357	geneid:178740	uniprot:"pha-4"("protein name")	uniprot:"ketn-1"("protein name")	psi-mi:"MI:0364"("inferred by curator")	-	pubmed:15492775	taxid:6239("Caenorhabditis elegans")	taxid:6239("Caenorhabditis elegans")	psi-mi:"MI:2232"("molecular association")	pubmed:26578589("ORegAnno")	oreganno:OREG0004234	-	-	psi-mi:"MI:2274"("regulator")	psi-mi:"MI:2275"("regulator target")	psi-mi:"MI:0499"( "unspecified role" )	psi-mi:"MI:0499"( "unspecified role" )	psi-mi:"MI:0326"("protein")	psi-mi:"MI:0250"("gene")	-	-	-	-	-	-	-	-	2017/05/01	2019/05/20	-	-	-	-	-	-	-	-	-	-	-	-	-	-
uniprot:Q17381	uniprot:Q8MXD8	geneid:180357	geneid:178740	uniprot:"pha-4"("protein name")	uniprot:"ketn-1"("protein name")	psi-mi:"MI:0364"("inferred by curator")	-	pubmed:15492775	taxid:6239("Caenorhabditis elegans")	taxid:6239("Caenorhabditis elegans")	psi-mi:"MI:2232"("molecular association")	pubmed:26578589("ORegAnno")	oreganno:OREG0004234	-	-	psi-mi:"MI:2274"("regulator")	psi-mi:"MI:2275"("regulator target")	psi-mi:"MI:0499"( "unspecified role" )	psi-mi:"MI:0499"( "unspecified role" )	psi-mi:"MI:0326"("protein")	psi-mi:"MI:0250"("gene")	-	-	-	-	-	-	-	-	2017/05/01	2019/05/20	-	-	-	-	-	-	-	-	-	-	-	-	-	-
uniprot:Q17381	uniprot:V6CLT3	geneid:180357	geneid:178740	uniprot:"pha-4"("protein name")	uniprot:"ketn-1"("protein name")	psi-mi:"MI:0364"("inferred by curator")	-	pubmed:15492775	taxid:6239("Caenorhabditis elegans")	taxid:6239("Caenorhabditis elegans")	psi-mi:"MI:2232"("molecular association")	pubmed:26578589("ORegAnno")	oreganno:OREG0004234	-	-	psi-mi:"MI:2274"("regulator")	psi-mi:"MI:2275"("regulator target")	psi-mi:"MI:0499"( "unspecified role" )	psi-mi:"MI:0499"( "unspecified role" )	psi-mi:"MI:0326"("protein")	psi-mi:"MI:0250"("gene")	-	-	-	-	-	-	-	-	2017/05/01	2019/05/20	-	-	-	-	-	-	-	-	-	-	-	-	-	-
uniprot:Q17381	uniprot:V6CLU5	geneid:180357	geneid:178740	uniprot:"pha-4"("protein name")	uniprot:"ketn-1"("protein name")	psi-mi:"MI:0364"("inferred by curator")	-	pubmed:15492775	taxid:6239("Caenorhabditis elegans")	taxid:6239("Caenorhabditis elegans")	psi-mi:"MI:2232"("molecular association")	pubmed:26578589("ORegAnno")	oreganno:OREG0004234	-	-	psi-mi:"MI:2274"("regulator")	psi-mi:"MI:2275"("regulator target")	psi-mi:"MI:0499"( "unspecified role" )	psi-mi:"MI:0499"( "unspecified role" )	psi-mi:"MI:0326"("protein")	psi-mi:"MI:0250"("gene")	-	-	-	-	-	-	-	-	2017/05/01	2019/05/20	-	-	-	-	-	-	-	-	-	-	-	-	-	-
uniprot:Q17381	uniprot:A0A0M7RDU5	geneid:180357	geneid:178740	uniprot:"pha-4"("protein name")	uniprot:"ketn-1"("protein name")	psi-mi:"MI:0364"("inferred by curator")	-	pubmed:15492775	taxid:6239("Caenorhabditis elegans")	taxid:6239("Caenorhabditis elegans")	psi-mi:"MI:2232"("molecular association")	pubmed:26578589("ORegAnno")	oreganno:OREG0004234	-	-	psi-mi:"MI:2274"("regulator")	psi-mi:"MI:2275"("regulator target")	psi-mi:"MI:0499"( "unspecified role" )	psi-mi:"MI:0499"( "unspecified role" )	psi-mi:"MI:0326"("protein")	psi-mi:"MI:0250"("gene")	-	-	-	-	-	-	-	-	2017/05/01	2019/05/20	-	-	-	-	-	-	-	-	-	-	-	-	-	-
uniprot:Q17381	uniprot:H2L075	geneid:180357	geneid:178740	uniprot:"pha-4"("protein name")	uniprot:"ketn-1"("protein name")	psi-mi:"MI:0364"("inferred by curator")	-	pubmed:15492775	taxid:6239("Caenorhabditis elegans")	taxid:6239("Caenorhabditis elegans")	psi-mi:"MI:2232"("molecular association")	pubmed:26578589("ORegAnno")	oreganno:OREG0004234	-	-	psi-mi:"MI:2274"("regulator")	psi-mi:"MI:2275"("regulator target")	psi-mi:"MI:0499"( "unspecified role" )	psi-mi:"MI:0499"( "unspecified role" )	psi-mi:"MI:0326"("protein")	psi-mi:"MI:0250"("gene")	-	-	-	-	-	-	-	-	2017/05/01	2019/05/20	-	-	-	-	-	-	-	-	-	-	-	-	-	-
uniprot:Q17381	uniprot:V6CKH1	geneid:180357	geneid:178740	uniprot:"pha-4"("protein name")	uniprot:"ketn-1"("protein name")	psi-mi:"MI:0364"("inferred by curator")	-	pubmed:15492775	taxid:6239("Caenorhabditis elegans")	taxid:6239("Caenorhabditis elegans")	psi-mi:"MI:2232"("molecular association")	pubmed:26578589("ORegAnno")	oreganno:OREG0004234	-	-	psi-mi:"MI:2274"("regulator")	psi-mi:"MI:2275"("regulator target")	psi-mi:"MI:0499"( "unspecified role" )	psi-mi:"MI:0499"( "unspecified role" )	psi-mi:"MI:0326"("protein")	psi-mi:"MI:0250"("gene")	-	-	-	-	-	-	-	-	2017/05/01	2019/05/20	-	-	-	-	-	-	-	-	-	-	-	-	-	-
uniprot:Q17381	uniprot:A0A0M9JJ85	geneid:180357	geneid:178740	uniprot:"pha-4"("protein name")	uniprot:"ketn-1"("protein name")	psi-mi:"MI:0364"("inferred by curator")	-	pubmed:15492775	taxid:6239("Caenorhabditis elegans")	taxid:6239("Caenorhabditis elegans")	psi-mi:"MI:2232"("molecular association")	pubmed:26578589("ORegAnno")	oreganno:OREG0004234	-	-	psi-mi:"MI:2274"("regulator")	psi-mi:"MI:2275"("regulator target")	psi-mi:"MI:0499"( "unspecified role" )	psi-mi:"MI:0499"( "unspecified role" )	psi-mi:"MI:0326"("protein")	psi-mi:"MI:0250"("gene")	-	-	-	-	-	-	-	-	2017/05/01	2019/05/20	-	-	-	-	-	-	-	-	-	-	-	-	-	-
uniprot:Q17381	uniprot:Q5PY59	geneid:180357	geneid:178740	uniprot:"pha-4"("protein name")	uniprot:"ketn-1"("protein name")	psi-mi:"MI:0364"("inferred by curator")	-	pubmed:15492775	taxid:6239("Caenorhabditis elegans")	taxid:6239("Caenorhabditis elegans")	psi-mi:"MI:2232"("molecular association")	pubmed:26578589("ORegAnno")	oreganno:OREG0004234	-	-	psi-mi:"MI:2274"("regulator")	psi-mi:"MI:2275"("regulator target")	psi-mi:"MI:0499"( "unspecified role" )	psi-mi:"MI:0499"( "unspecified role" )	psi-mi:"MI:0326"("protein")	psi-mi:"MI:0250"("gene")	-	-	-	-	-	-	-	-	2017/05/01	2019/05/20	-	-	-	-	-	-	-	-	-	-	-	-	-	-
uniprot:Q17381	uniprot:Q9NL87	geneid:180357	geneid:178740	uniprot:"pha-4"("protein name")	uniprot:"ketn-1"("protein name")	psi-mi:"MI:0364"("inferred by curator")	-	pubmed:15492775	taxid:6239("Caenorhabditis elegans")	taxid:6239("Caenorhabditis elegans")	psi-mi:"MI:2232"("molecular association")	pubmed:26578589("ORegAnno")	oreganno:OREG0004234	-	-	psi-mi:"MI:2274"("regulator")	psi-mi:"MI:2275"("regulator target")	psi-mi:"MI:0499"( "unspecified role" )	psi-mi:"MI:0499"( "unspecified role" )	psi-mi:"MI:0326"("protein")	psi-mi:"MI:0250"("gene")	-	-	-	-	-	-	-	-	2017/05/01	2019/05/20	-	-	-	-	-	-	-	-	-	-	-	-	-	-
uniprot:Q17381	uniprot:O16420	geneid:180357	geneid:178811	uniprot:"pha-4"("protein name")	uniprot:"phat-5"("protein name")	psi-mi:"MI:0364"("inferred by curator")	-	pubmed:15492775	taxid:6239("Caenorhabditis elegans")	taxid:6239("Caenorhabditis elegans")	psi-mi:"MI:2232"("molecular association")	pubmed:26578589("ORegAnno")	oreganno:OREG0004236	-	-	psi-mi:"MI:2274"("regulator")	psi-mi:"MI:2275"("regulator target")	psi-mi:"MI:0499"( "unspecified role" )	psi-mi:"MI:0499"( "unspecified role" )	psi-mi:"MI:0326"("protein")	psi-mi:"MI:0250"("gene")	-	-	-	-	-	-	-	-	2017/05/01	2019/05/20	-	-	-	-	-	-	-	-	-	-	-	-	-	-
uniprot:Q17381	uniprot:Q23390	geneid:180357	geneid:174464	uniprot:"pha-4"("protein name")	uniprot:"abu-14"("protein name")	psi-mi:"MI:0364"("inferred by curator")	-	pubmed:15492775	taxid:6239("Caenorhabditis elegans")	taxid:6239("Caenorhabditis elegans")	psi-mi:"MI:2232"("molecular association")	pubmed:26578589("ORegAnno")	oreganno:OREG0004238	-	-	psi-mi:"MI:2274"("regulator")	psi-mi:"MI:2275"("regulator target")	psi-mi:"MI:0499"( "unspecified role" )	psi-mi:"MI:0499"( "unspecified role" )	psi-mi:"MI:0326"("protein")	psi-mi:"MI:0250"("gene")	-	-	-	-	-	-	-	-	2017/05/01	2019/05/20	-	-	-	-	-	-	-	-	-	-	-	-	-	-
uniprot:Q17381	uniprot:Q09609	geneid:180357	geneid:181201	uniprot:"pha-4"("protein name")	uniprot:"YRN9_CAEEL"("protein name")	psi-mi:"MI:0364"("inferred by curator")	-	pubmed:15492775	taxid:6239("Caenorhabditis elegans")	taxid:6239("Caenorhabditis elegans")	psi-mi:"MI:2232"("molecular association")	pubmed:26578589("ORegAnno")	oreganno:OREG0004239|oreganno:OREG0004240	-	-	psi-mi:"MI:2274"("regulator")	psi-mi:"MI:2275"("regulator target")	psi-mi:"MI:0499"( "unspecified role" )	psi-mi:"MI:0499"( "unspecified role" )	psi-mi:"MI:0326"("protein")	psi-mi:"MI:0250"("gene")	-	-	-	-	-	-	-	-	2017/05/01	2019/05/20	-	-	-	-	-	-	-	-	-	-	-	-	-	-
uniprot:Q17381	uniprot:H2KYR7	geneid:180357	geneid:178954	uniprot:"pha-4"("protein name")	uniprot:"pqn-13"("protein name")	psi-mi:"MI:0364"("inferred by curator")	-	pubmed:15492775	taxid:6239("Caenorhabditis elegans")	taxid:6239("Caenorhabditis elegans")	psi-mi:"MI:2232"("molecular association")	pubmed:26578589("ORegAnno")	oreganno:OREG0004242	-	-	psi-mi:"MI:2274"("regulator")	psi-mi:"MI:2275"("regulator target")	psi-mi:"MI:0499"( "unspecified role" )	psi-mi:"MI:0499"( "unspecified role" )	psi-mi:"MI:0326"("protein")	psi-mi:"MI:0250"("gene")	-	-	-	-	-	-	-	-	2017/05/01	2019/05/20	-	-	-	-	-	-	-	-	-	-	-	-	-	-
uniprot:Q17381	uniprot:Q17982	geneid:180357	geneid:178954	uniprot:"pha-4"("protein name")	uniprot:"pqn-13"("protein name")	psi-mi:"MI:0364"("inferred by curator")	-	pubmed:15492775	taxid:6239("Caenorhabditis elegans")	taxid:6239("Caenorhabditis elegans")	psi-mi:"MI:2232"("molecular association")	pubmed:26578589("ORegAnno")	oreganno:OREG0004242	-	-	psi-mi:"MI:2274"("regulator")	psi-mi:"MI:2275"("regulator target")	psi-mi:"MI:0499"( "unspecified role" )	psi-mi:"MI:0499"( "unspecified role" )	psi-mi:"MI:0326"("protein")	psi-mi:"MI:0250"("gene")	-	-	-	-	-	-	-	-	2017/05/01	2019/05/20	-	-	-	-	-	-	-	-	-	-	-	-	-	-
uniprot:Q17381	uniprot:Q19188	geneid:180357	geneid:181330	uniprot:"pha-4"("protein name")	uniprot:"prmn-1"("protein name")	psi-mi:"MI:0364"("inferred by curator")	-	pubmed:15492775	taxid:6239("Caenorhabditis elegans")	taxid:6239("Caenorhabditis elegans")	psi-mi:"MI:2232"("molecular association")	pubmed:26578589("ORegAnno")	oreganno:OREG0004243	-	-	psi-mi:"MI:2274"("regulator")	psi-mi:"MI:2275"("regulator target")	psi-mi:"MI:0499"( "unspecified role" )	psi-mi:"MI:0499"( "unspecified role" )	psi-mi:"MI:0326"("protein")	psi-mi:"MI:0250"("gene")	-	-	-	-	-	-	-	-	2017/05/01	2019/05/20	-	-	-	-	-	-	-	-	-	-	-	-	-	-
uniprot:Q17381	uniprot:F1LIN3	geneid:180357	geneid:178530	uniprot:"pha-4"("protein name")	uniprot:"F1LIN3_CAEEL"("protein name")	psi-mi:"MI:0364"("inferred by curator")	-	pubmed:15492775	taxid:6239("Caenorhabditis elegans")	taxid:6239("Caenorhabditis elegans")	psi-mi:"MI:2232"("molecular association")	pubmed:26578589("ORegAnno")	oreganno:OREG0004244	-	-	psi-mi:"MI:2274"("regulator")	psi-mi:"MI:2275"("regulator target")	psi-mi:"MI:0499"( "unspecified role" )	psi-mi:"MI:0499"( "unspecified role" )	psi-mi:"MI:0326"("protein")	psi-mi:"MI:0250"("gene")	-	-	-	-	-	-	-	-	2017/05/01	2019/05/20	-	-	-	-	-	-	-	-	-	-	-	-	-	-
uniprot:Q17381	uniprot:Q9XVQ7	geneid:180357	geneid:178530	uniprot:"pha-4"("protein name")	uniprot:"Q9XVQ7_CAEEL"("protein name")	psi-mi:"MI:0364"("inferred by curator")	-	pubmed:15492775	taxid:6239("Caenorhabditis elegans")	taxid:6239("Caenorhabditis elegans")	psi-mi:"MI:2232"("molecular association")	pubmed:26578589("ORegAnno")	oreganno:OREG0004244	-	-	psi-mi:"MI:2274"("regulator")	psi-mi:"MI:2275"("regulator target")	psi-mi:"MI:0499"( "unspecified role" )	psi-mi:"MI:0499"( "unspecified role" )	psi-mi:"MI:0326"("protein")	psi-mi:"MI:0250"("gene")	-	-	-	-	-	-	-	-	2017/05/01	2019/05/20	-	-	-	-	-	-	-	-	-	-	-	-	-	-
uniprot:Q17381	uniprot:C0P284	geneid:180357	geneid:178530	uniprot:"pha-4"("protein name")	uniprot:"C0P284_CAEEL"("protein name")	psi-mi:"MI:0364"("inferred by curator")	-	pubmed:15492775	taxid:6239("Caenorhabditis elegans")	taxid:6239("Caenorhabditis elegans")	psi-mi:"MI:2232"("molecular association")	pubmed:26578589("ORegAnno")	oreganno:OREG0004244	-	-	psi-mi:"MI:2274"("regulator")	psi-mi:"MI:2275"("regulator target")	psi-mi:"MI:0499"( "unspecified role" )	psi-mi:"MI:0499"( "unspecified role" )	psi-mi:"MI:0326"("protein")	psi-mi:"MI:0250"("gene")	-	-	-	-	-	-	-	-	2017/05/01	2019/05/20	-	-	-	-	-	-	-	-	-	-	-	-	-	-
uniprot:Q17381	uniprot:Q19807	geneid:180357	geneid:181025	uniprot:"pha-4"("protein name")	uniprot:"Q19807_CAEEL"("protein name")	psi-mi:"MI:0364"("inferred by curator")	-	pubmed:15492775	taxid:6239("Caenorhabditis elegans")	taxid:6239("Caenorhabditis elegans")	psi-mi:"MI:2232"("molecular association")	pubmed:26578589("ORegAnno")	oreganno:OREG0004245	-	-	psi-mi:"MI:2274"("regulator")	psi-mi:"MI:2275"("regulator target")	psi-mi:"MI:0499"( "unspecified role" )	psi-mi:"MI:0499"( "unspecified role" )	psi-mi:"MI:0326"("protein")	psi-mi:"MI:0250"("gene")	-	-	-	-	-	-	-	-	2017/05/01	2019/05/20	-	-	-	-	-	-	-	-	-	-	-	-	-	-
uniprot:Q17381	uniprot:Q19809	geneid:180357	geneid:178975	uniprot:"pha-4"("protein name")	uniprot:"Q19809_CAEEL"("protein name")	psi-mi:"MI:0364"("inferred by curator")	-	pubmed:15492775	taxid:6239("Caenorhabditis elegans")	taxid:6239("Caenorhabditis elegans")	psi-mi:"MI:2232"("molecular association")	pubmed:26578589("ORegAnno")	oreganno:OREG0004246	-	-	psi-mi:"MI:2274"("regulator")	psi-mi:"MI:2275"("regulator target")	psi-mi:"MI:0499"( "unspecified role" )	psi-mi:"MI:0499"( "unspecified role" )	psi-mi:"MI:0326"("protein")	psi-mi:"MI:0250"("gene")	-	-	-	-	-	-	-	-	2017/05/01	2019/05/20	-	-	-	-	-	-	-	-	-	-	-	-	-	-
uniprot:Q17381	uniprot:H2L041	geneid:180357	geneid:181010	uniprot:"pha-4"("protein name")	uniprot:"H2L041_CAEEL"("protein name")	psi-mi:"MI:0364"("inferred by curator")	-	pubmed:15492775	taxid:6239("Caenorhabditis elegans")	taxid:6239("Caenorhabditis elegans")	psi-mi:"MI:2232"("molecular association")	pubmed:26578589("ORegAnno")	oreganno:OREG0004252|oreganno:OREG0004251|oreganno:OREG0004250	-	-	psi-mi:"MI:2274"("regulator")	psi-mi:"MI:2275"("regulator target")	psi-mi:"MI:0499"( "unspecified role" )	psi-mi:"MI:0499"( "unspecified role" )	psi-mi:"MI:0326"("protein")	psi-mi:"MI:0250"("gene")	-	-	-	-	-	-	-	-	2017/05/01	2019/05/20	-	-	-	-	-	-	-	-	-	-	-	-	-	-
uniprot:Q17381	uniprot:A8WFH5	geneid:180357	geneid:181010	uniprot:"pha-4"("protein name")	uniprot:"A8WFH5_CAEEL"("protein name")	psi-mi:"MI:0364"("inferred by curator")	-	pubmed:15492775	taxid:6239("Caenorhabditis elegans")	taxid:6239("Caenorhabditis elegans")	psi-mi:"MI:2232"("molecular association")	pubmed:26578589("ORegAnno")	oreganno:OREG0004252|oreganno:OREG0004251|oreganno:OREG0004250	-	-	psi-mi:"MI:2274"("regulator")	psi-mi:"MI:2275"("regulator target")	psi-mi:"MI:0499"( "unspecified role" )	psi-mi:"MI:0499"( "unspecified role" )	psi-mi:"MI:0326"("protein")	psi-mi:"MI:0250"("gene")	-	-	-	-	-	-	-	-	2017/05/01	2019/05/20	-	-	-	-	-	-	-	-	-	-	-	-	-	-
uniprot:Q17381	uniprot:H2L042	geneid:180357	geneid:181010	uniprot:"pha-4"("protein name")	uniprot:"H2L042_CAEEL"("protein name")	psi-mi:"MI:0364"("inferred by curator")	-	pubmed:15492775	taxid:6239("Caenorhabditis elegans")	taxid:6239("Caenorhabditis elegans")	psi-mi:"MI:2232"("molecular association")	pubmed:26578589("ORegAnno")	oreganno:OREG0004252|oreganno:OREG0004251|oreganno:OREG0004250	-	-	psi-mi:"MI:2274"("regulator")	psi-mi:"MI:2275"("regulator target")	psi-mi:"MI:0499"( "unspecified role" )	psi-mi:"MI:0499"( "unspecified role" )	psi-mi:"MI:0326"("protein")	psi-mi:"MI:0250"("gene")	-	-	-	-	-	-	-	-	2017/05/01	2019/05/20	-	-	-	-	-	-	-	-	-	-	-	-	-	-
uniprot:Q17381	uniprot:Q21361	geneid:180357	geneid:174399	uniprot:"pha-4"("protein name")	uniprot:"atf-2"("protein name")	psi-mi:"MI:0364"("inferred by curator")	-	pubmed:15492775	taxid:6239("Caenorhabditis elegans")	taxid:6239("Caenorhabditis elegans")	psi-mi:"MI:2232"("molecular association")	pubmed:26578589("ORegAnno")	oreganno:OREG0004254	-	-	psi-mi:"MI:2274"("regulator")	psi-mi:"MI:2275"("regulator target")	psi-mi:"MI:0499"( "unspecified role" )	psi-mi:"MI:0499"( "unspecified role" )	psi-mi:"MI:0326"("protein")	psi-mi:"MI:0250"("gene")	-	-	-	-	-	-	-	-	2017/05/01	2019/05/20	-	-	-	-	-	-	-	-	-	-	-	-	-	-
