TFLinkID	UniprotID.TF	Name.TF	Organism	Detection.method	PubmedID	Source.database	Assembly	Chromosome	Start	End	Strand
TFLinkLT02687002	P32182	Foxa2	Rattus norvegicus	inferred by curator	8139574	jaspar	-	-	-	-	-
TFLinkLT02687003	P32182	Foxa2	Rattus norvegicus	inferred by curator	8139574	jaspar	-	-	-	-	-
TFLinkLT02687004	P32182	Foxa2	Rattus norvegicus	inferred by curator	8139574	jaspar	-	-	-	-	-
TFLinkLT02687005	P32182	Foxa2	Rattus norvegicus	inferred by curator	8139574	jaspar	-	-	-	-	-
TFLinkLT02687006	P32182	Foxa2	Rattus norvegicus	inferred by curator	8139574	jaspar	-	-	-	-	-
TFLinkLT02687007	P32182	Foxa2	Rattus norvegicus	inferred by curator	8139574	jaspar	-	-	-	-	-
TFLinkLT02687008	P32182	Foxa2	Rattus norvegicus	inferred by curator	8139574	jaspar	-	-	-	-	-
TFLinkLT02687009	P32182	Foxa2	Rattus norvegicus	inferred by curator	8139574	jaspar	-	-	-	-	-
TFLinkLT02687010	P32182	Foxa2	Rattus norvegicus	inferred by curator	8139574	jaspar	-	-	-	-	-
TFLinkLT02687011	P32182	Foxa2	Rattus norvegicus	inferred by curator	8139574	jaspar	-	-	-	-	-
TFLinkLT02687012	P32182	Foxa2	Rattus norvegicus	inferred by curator	8139574	jaspar	-	-	-	-	-
TFLinkLT02687013	P32182	Foxa2	Rattus norvegicus	inferred by curator	8139574	jaspar	-	-	-	-	-
TFLinkLT02687014	P32182	Foxa2	Rattus norvegicus	inferred by curator	8139574	jaspar	-	-	-	-	-
TFLinkLT02687015	P32182	Foxa2	Rattus norvegicus	inferred by curator	8139574	jaspar	-	-	-	-	-
TFLinkLT02687016	P32182	Foxa2	Rattus norvegicus	inferred by curator	8139574	jaspar	-	-	-	-	-
TFLinkLT02687017	P32182	Foxa2	Rattus norvegicus	inferred by curator	8139574	jaspar	-	-	-	-	-
TFLinkLT02687018	P32182	Foxa2	Rattus norvegicus	inferred by curator	8139574	jaspar	-	-	-	-	-
TFLinkLT10035803	P15257	Hnf1a	Rattus norvegicus	inferred by curator	12413486	ORegAnno	rn6	chrX	71271915	71271939	+
TFLinkLT10035804	P15257	Hnf1a	Rattus norvegicus	inferred by curator	15933209	ORegAnno	rn6	chr14	91996804	91996829	-
TFLinkLT10035805	P15257	Hnf1a	Rattus norvegicus	inferred by curator	15933209	ORegAnno	rn6	chr14	20265342	20265358	+
TFLinkLT10035806	P15257	Hnf1a	Rattus norvegicus	inferred by curator	15933209	ORegAnno	rn6	chr14	20266824	20266852	+
TFLinkLT10035807	P15257	Hnf1a	Rattus norvegicus	inferred by curator	15933209	ORegAnno	rn6	chr14	20266945	20266964	+
TFLinkLT10035808	P15257	Hnf1a	Rattus norvegicus	inferred by curator	15933209	ORegAnno	rn6	chr1	76723026	76723038	-
TFLinkLT10035809	Q02346	Myod1	Rattus norvegicus	inferred by curator	1847512	ORegAnno	rn6	chr9	73935693	73935702	-
TFLinkLT10035810	Q02346	Myod1	Rattus norvegicus	inferred by curator	1847512	ORegAnno	rn6	chr9	73935693	73935702	-
TFLinkLT10035811	Q02346	Myod1	Rattus norvegicus	inferred by curator	1847512	ORegAnno	rn6	chr9	73935619	73935628	-
TFLinkLT10035812	Q02346	Myod1	Rattus norvegicus	inferred by curator	1847512	ORegAnno	rn6	chr9	73935632	73935642	-
TFLinkLT10035813	Q02346	Myod1	Rattus norvegicus	inferred by curator	1847512	ORegAnno	rn6	chr9	73935632	73935642	-
TFLinkLT10035814	Q02346	Myod1	Rattus norvegicus	inferred by curator	1847512	ORegAnno	rn6	chr9	73935619	73935628	-
TFLinkLT10035815	P20428	Myog	Rattus norvegicus	inferred by curator	1655408	ORegAnno	rn6	chr9	94302188	94302201	+
TFLinkLT10035816	P20428	Myog	Rattus norvegicus	inferred by curator	1655408	ORegAnno	rn6	chr9	94302211	94302224	+
TFLinkLT10035817	P46152	Gata4	Rattus norvegicus	inferred by curator	8007990	ORegAnno	rn6	chr15	33630443	33630447	+
TFLinkLT10035818	P46152	Gata4	Rattus norvegicus	inferred by curator	8007990	ORegAnno	rn6	chr15	33630451	33630456	+
TFLinkLT10035819	P63059	Thra	Rattus norvegicus	inferred by curator	9111345	ORegAnno	rn6	chr15	33630318	33630355	-
TFLinkLT10035820	P18113	Thrb	Rattus norvegicus	inferred by curator	9111345	ORegAnno	rn6	chr15	33630318	33630355	-
TFLinkLT10035821	D3ZHH8	Srf	Rattus norvegicus	inferred by curator	18971253	ORegAnno	rn6	chr19	56677308	56677316	-
TFLinkLT10035822	D3ZHH8	Srf	Rattus norvegicus	inferred by curator	18971253	ORegAnno	rn6	chr19	56677258	56677266	-
TFLinkLT10035823	D3ZHH8	Srf	Rattus norvegicus	inferred by curator	18971253	ORegAnno	rn6	chr19	56677180	56677188	-
TFLinkLT10035824	D3ZHH8	Srf	Rattus norvegicus	inferred by curator	18971253	ORegAnno	rn6	chr19	56677152	56677163	-
TFLinkLT10035825	Q01714	Sp1	Rattus norvegicus	inferred by curator	18971253	ORegAnno	rn6	chr19	56677143	56677154	-
TFLinkLT10035826	Q66HB1	Tbp	Rattus norvegicus	inferred by curator	18971253	ORegAnno	rn6	chr19	56677119	56677123	-
TFLinkLT10035827	Q66HB1	Tbp	Rattus norvegicus	inferred by curator	18971253	ORegAnno	rn6	chr1	198233371	198233388	-
TFLinkLT10035828	Q66HB1	Tbp	Rattus norvegicus	inferred by curator	18971253	ORegAnno	rn6	chr1	198233356	198233364	-
TFLinkLT10035829	D3ZHH8	Srf	Rattus norvegicus	inferred by curator	18971253	ORegAnno	rn6	chr8	55178460	55178472	+
TFLinkLT10035830	Q01714	Sp1	Rattus norvegicus	inferred by curator	18971253	ORegAnno	rn6	chr8	55178507	55178518	+
TFLinkLT10035831	A0A0H2UI22	Cebpa	Rattus norvegicus	inferred by curator	18971253	ORegAnno	rn6	chr5	19368680	19368689	-
TFLinkLT10035832	G3V7Q2	Foxa2	Rattus norvegicus	inferred by curator	18971253	ORegAnno	rn6	chr5	19368625	19368635	-
TFLinkLT10035833	G3V750	Hnf4a	Rattus norvegicus	inferred by curator	18971253	ORegAnno	rn6	chr5	19368593	19368604	-
TFLinkLT10035834	G3V750	Hnf4a	Rattus norvegicus	inferred by curator	18971253	ORegAnno	rn6	chr10	89285760	89285770	+
TFLinkLT10035835	G3V750	Hnf4a	Rattus norvegicus	inferred by curator	18971253	ORegAnno	rn6	chr10	89285769	89285779	+
TFLinkLT10035836	P15257	Hnf1a	Rattus norvegicus	inferred by curator	18971253	ORegAnno	rn6	chr10	89285774	89285787	+
TFLinkLT10035837	G3V7Q2	Foxa2	Rattus norvegicus	inferred by curator	18971253	ORegAnno	rn6	chr10	89285815	89285820	+
TFLinkLT10035838	G3V7Q2	Foxa2	Rattus norvegicus	inferred by curator	18971253	ORegAnno	rn6	chr10	89285856	89285861	+
TFLinkLT10035839	P15337	Creb1	Rattus norvegicus	inferred by curator	18971253	ORegAnno	rn6	chr10	89285859	89285865	+
TFLinkLT10035840	A0A0H2UI22	Cebpa	Rattus norvegicus	inferred by curator	18971253	ORegAnno	rn6	chr10	89285865	89285869	+
TFLinkLT10035841	G3V7Q2	Foxa2	Rattus norvegicus	inferred by curator	18971253	ORegAnno	rn6	chr10	89285547	89285552	+
TFLinkLT10035842	G3V7Q2	Foxa2	Rattus norvegicus	inferred by curator	18971253	ORegAnno	rn6	chr10	89285912	89285921	+
TFLinkLT10035843	G3V7Q2	Foxa2	Rattus norvegicus	inferred by curator	18971253	ORegAnno	rn6	chr10	89285924	89285929	+
TFLinkLT10035844	P15257	Hnf1a	Rattus norvegicus	inferred by curator	18971253	ORegAnno	rn6	chr14	20266832	20266841	+
TFLinkLT10035845	P15257	Hnf1a	Rattus norvegicus	inferred by curator	18971253	ORegAnno	rn6	chr14	20266947	20266956	+
TFLinkLT10035846	P15257	Hnf1a	Rattus norvegicus	inferred by curator	18971253	ORegAnno	rn6	chr14	91996806	91996829	-
TFLinkLT10035847	P15257	Hnf1a	Rattus norvegicus	inferred by curator	18971253	ORegAnno	rn6	chr7	28411057	28411068	+
TFLinkLT10035848	P15257	Hnf1a	Rattus norvegicus	inferred by curator	18971253	ORegAnno	rn6	chr7	28411165	28411176	+
TFLinkLT10035849	A0A0H2UI22	Cebpa	Rattus norvegicus	inferred by curator	18971253	ORegAnno	rn6	chr7	28411166	28411173	+
TFLinkLT10035850	P15337	Creb1	Rattus norvegicus	inferred by curator	18971253	ORegAnno	rn6	chr6	114489721	114489727	-
TFLinkLT10035851	Q66HB1	Tbp	Rattus norvegicus	inferred by curator	18971253	ORegAnno	rn6	chr6	114489659	114489663	-
TFLinkLT10035852	A0JPK9	Myod1	Rattus norvegicus	inferred by curator	18971253	ORegAnno	rn6	chr9	94302192	94302196	+
TFLinkLT10035853	D3ZHH8	Srf	Rattus norvegicus	inferred by curator	18971253	ORegAnno	rn6	chr12	13715778	13715786	+
TFLinkLT10035854	Q66HB1	Tbp	Rattus norvegicus	inferred by curator	18971253	ORegAnno	rn6	chr12	13715811	13715816	+
TFLinkLT10035855	D3ZHH8	Srf	Rattus norvegicus	inferred by curator	18971253	ORegAnno	rn6	chrX	51286607	51286614	+
TFLinkLT10035856	A0JPK9	Myod1	Rattus norvegicus	inferred by curator	18971253	ORegAnno	rn6	chrX	51286643	51286647	+
TFLinkLT10035857	A0JPK9	Myod1	Rattus norvegicus	inferred by curator	18971253	ORegAnno	rn6	chr10	56558979	56558987	-
TFLinkLT10035858	D3ZVU3	Myf5	Rattus norvegicus	inferred by curator	18971253	ORegAnno	rn6	chr7	49741820	49741825	-
TFLinkLT10035859	D3ZVU3	Myf5	Rattus norvegicus	inferred by curator	18971253	ORegAnno	rn6	chr7	49741557	49741566	-
TFLinkLT10035860	Q66HB1	Tbp	Rattus norvegicus	inferred by curator	18971253	ORegAnno	rn6	chr7	49741557	49741561	-
TFLinkLT10035861	Q66HB1	Tbp	Rattus norvegicus	inferred by curator	18971253	ORegAnno	rn6	chr13	51126376	51126381	+
TFLinkLT10035862	Q66HB1	Tbp	Rattus norvegicus	inferred by curator	18971253	ORegAnno	rn6	chr13	51126413	51126417	+
TFLinkLT10035863	A0JPK9	Myod1	Rattus norvegicus	inferred by curator	18971253	ORegAnno	rn6	chr13	51126428	51126432	+
TFLinkLT10035864	D3ZBT4	Mtf1	Rattus norvegicus	inferred by curator	18971253	ORegAnno	rn6	chr19	11303070	11303074	-
TFLinkLT10035865	D3ZBT4	Mtf1	Rattus norvegicus	inferred by curator	18971253	ORegAnno	rn6	chr19	11303070	11303075	-
TFLinkLT10035866	Q01714	Sp1	Rattus norvegicus	inferred by curator	18971253	ORegAnno	rn6	chr19	11303192	11303197	-
TFLinkLT10035867	D3ZBT4	Mtf1	Rattus norvegicus	inferred by curator	18971253	ORegAnno	rn6	chr19	11303111	11303116	-
TFLinkLT10035868	D3ZBT4	Mtf1	Rattus norvegicus	inferred by curator	18971253	ORegAnno	rn6	chr19	11303152	11303157	-
TFLinkLT10035869	D3ZBT4	Mtf1	Rattus norvegicus	inferred by curator	18971253	ORegAnno	rn6	chr19	11303056	11303062	-
TFLinkLT10035870	Q66HB1	Tbp	Rattus norvegicus	inferred by curator	18971253	ORegAnno	rn6	chr19	11303469	11303473	-
TFLinkLT10035871	Q01714	Sp1	Rattus norvegicus	inferred by curator	18971253	ORegAnno	rn6	chr10	94488312	94488321	-
TFLinkLT10035872	P10037	Pou1f1	Rattus norvegicus	inferred by curator	18971253	ORegAnno	rn6	chr10	94488297	94488307	-
TFLinkLT10035873	P10037	Pou1f1	Rattus norvegicus	inferred by curator	18971253	ORegAnno	rn6	chr10	94488260	94488268	-
TFLinkLT10035874	Q66HB1	Tbp	Rattus norvegicus	inferred by curator	18971253	ORegAnno	rn6	chr10	94488206	94488210	-
TFLinkLT10035875	G3V7U9	G3V7U9_RAT	Rattus norvegicus	inferred by curator	18971253	ORegAnno	rn6	chr14	19160083	19160102	-
TFLinkLT10035876	G3V740	Nkx2-1	Rattus norvegicus	inferred by curator	18971253	ORegAnno	rn6	chr14	19160079	19160094	-
TFLinkLT10035877	P15257	Hnf1a	Rattus norvegicus	inferred by curator	18971253	ORegAnno	rn6	chr14	19160027	19160055	-
TFLinkLT10035878	D4A3T3	Cbx1	Rattus norvegicus	inferred by curator	18971253	ORegAnno	rn6	chr14	19159977	19159988	-
TFLinkLT10035879	Q66HB1	Tbp	Rattus norvegicus	inferred by curator	18971253	ORegAnno	rn6	chr14	19159951	19159956	-
TFLinkLT10035880	P15337	Creb1	Rattus norvegicus	inferred by curator	18971253	ORegAnno	rn6	chr16	74123029	74123050	-
TFLinkLT10035881	A0A0H2UHR3	Egr1	Rattus norvegicus	inferred by curator	18971253	ORegAnno	rn6	chr10	65586413	65586441	-
TFLinkLT10035882	A0A0H2UHR3	Egr1	Rattus norvegicus	inferred by curator	18971253	ORegAnno	rn6	chr10	65586448	65586472	-
TFLinkLT10035883	A0A0H2UHR3	Egr1	Rattus norvegicus	inferred by curator	18971253	ORegAnno	rn6	chr3	168112171	168112194	-
TFLinkLT10035884	A0A0H2UHR3	Egr1	Rattus norvegicus	inferred by curator	18971253	ORegAnno	rn6	chr3	168112065	168112088	-
TFLinkLT10035885	Q66HB1	Tbp	Rattus norvegicus	inferred by curator	18971253	ORegAnno	rn6	chr3	168111956	168111961	-
TFLinkLT10035886	P15337	Creb1	Rattus norvegicus	inferred by curator	18971253	ORegAnno	rn6	chr3	5709053	5709081	+
TFLinkLT10035887	Q01714	Sp1	Rattus norvegicus	inferred by curator	18971253	ORegAnno	rn6	chr3	5709178	5709196	+
TFLinkLT10035888	Q66HB1	Tbp	Rattus norvegicus	inferred by curator	18971253	ORegAnno	rn6	chr3	5709204	5709208	+
TFLinkLT10035889	O35410	Usf1	Rattus norvegicus	inferred by curator	18971253	ORegAnno	rn6	chr19	14508567	14508585	+
TFLinkLT10035890	O35410	Usf1	Rattus norvegicus	inferred by curator	18971253	ORegAnno	rn6	chr2	187743179	187743198	-
TFLinkLT10035891	Q66HB1	Tbp	Rattus norvegicus	inferred by curator	18971253	ORegAnno	rn6	chr2	187742758	187742763	-
TFLinkLT10035892	Q499N1	Rara	Rattus norvegicus	inferred by curator	18971253	ORegAnno	rn6	chr8	106507289	106507301	+
TFLinkLT10035893	G3V750	Hnf4a	Rattus norvegicus	inferred by curator	18971253	ORegAnno	rn6	chr8	106507340	106507351	+
TFLinkLT10035894	Q66HB1	Tbp	Rattus norvegicus	inferred by curator	18971253	ORegAnno	rn6	chr8	106507383	106507388	+
TFLinkLT10035895	Q6DGG4	Irf1	Rattus norvegicus	inferred by curator	18971253	ORegAnno	rn6	chr3	142383052	142383078	-
TFLinkLT10035896	G3V975	Onecut1	Rattus norvegicus	inferred by curator	18971253	ORegAnno	rn6	chr3	142383139	142383170	-
TFLinkLT10035897	F1LR25	Foxa1	Rattus norvegicus	inferred by curator	18971253	ORegAnno	rn6	chr3	38531033	38531040	-
TFLinkLT10035898	A0A0H2UI22	Cebpa	Rattus norvegicus	inferred by curator	18971253	ORegAnno	rn6	chr3	142383206	142383220	-
TFLinkLT10035899	A0A0G2JSQ6	Smad1	Rattus norvegicus	inferred by curator	18971253	ORegAnno	rn6	chr18	71395361	71395367	+
TFLinkLT10035900	A0A0G2JSQ6	Smad1	Rattus norvegicus	inferred by curator	18971253	ORegAnno	rn6	chr18	71395372	71395376	+
TFLinkLT10035901	A0A0G2JSQ6	Smad1	Rattus norvegicus	inferred by curator	18971253	ORegAnno	rn6	chr1	76523415	76523434	-
TFLinkLT10035902	Q66HB1	Tbp	Rattus norvegicus	inferred by curator	18971253	ORegAnno	rn6	chr1	77179779	77179783	-
TFLinkLT10035903	F2Z3S9	Nr2f1	Rattus norvegicus	inferred by curator	18971253	ORegAnno	rn6	chr2	2738340	2738370	-
TFLinkLT10035904	Q66HB1	Tbp	Rattus norvegicus	inferred by curator	18971253	ORegAnno	rn6	chr2	2738615	2738619	-
TFLinkLT10035905	P52631	Stat3	Rattus norvegicus	inferred by curator	18971253	ORegAnno	rn6	chr10	39109378	39109387	+
TFLinkLT10035906	P10037	Pou1f1	Rattus norvegicus	inferred by curator	18971253	ORegAnno	rn6	chr17	39824360	39824368	-
TFLinkLT10035907	P10037	Pou1f1	Rattus norvegicus	inferred by curator	18971253	ORegAnno	rn6	chr17	39824313	39824330	-
TFLinkLT10035908	P10037	Pou1f1	Rattus norvegicus	inferred by curator	18971253	ORegAnno	rn6	chr17	39824203	39824236	-
TFLinkLT10035909	Q66HB1	Tbp	Rattus norvegicus	inferred by curator	18971253	ORegAnno	rn6	chr17	39824194	39824198	-
TFLinkLT10035910	P15337	Creb1	Rattus norvegicus	inferred by curator	18971253	ORegAnno	rn6	chr9	78969467	78969475	-
TFLinkLT10035911	Q63046	Runx1	Rattus norvegicus	inferred by curator	18971253	ORegAnno	rn6	chr9	78969272	78969280	-
TFLinkLT10035912	P15337	Creb1	Rattus norvegicus	inferred by curator	18971253	ORegAnno	rn6	chr9	78969171	78969177	-
TFLinkLT10035913	Q01714	Sp1	Rattus norvegicus	inferred by curator	18971253	ORegAnno	rn6	chr9	78969102	78969124	-
TFLinkLT10035914	G3V9A8	Tfap2a	Rattus norvegicus	inferred by curator	18971253	ORegAnno	rn6	chr9	78969079	78969089	-
TFLinkLT10035915	Q01714	Sp1	Rattus norvegicus	inferred by curator	18971253	ORegAnno	rn6	chr9	78969050	78969072	-
TFLinkLT10035916	Q66HB1	Tbp	Rattus norvegicus	inferred by curator	18971253	ORegAnno	rn6	chr9	78969039	78969043	-
TFLinkLT10035917	O35410	Usf1	Rattus norvegicus	inferred by curator	18971253	ORegAnno	rn6	chr4	147831966	147831983	+
TFLinkLT10035918	O35410	Usf1	Rattus norvegicus	inferred by curator	18971253	ORegAnno	rn6	chr4	147831997	147832010	+
TFLinkLT10035919	D4ACF4	Nrl	Rattus norvegicus	inferred by curator	18971253	ORegAnno	rn6	chr4	147832045	147832062	+
TFLinkLT10035920	Q66HB1	Tbp	Rattus norvegicus	inferred by curator	18971253	ORegAnno	rn6	chr4	147832092	147832097	+
TFLinkLT10035921	Q66HB1	Tbp	Rattus norvegicus	inferred by curator	18971253	ORegAnno	rn6	chr1	219296801	219296821	-
TFLinkLT10035922	Q66HB1	Tbp	Rattus norvegicus	inferred by curator	18971253	ORegAnno	rn6	chr14	86164461	86164478	-
TFLinkLT10035923	Q66HB1	Tbp	Rattus norvegicus	inferred by curator	18971253	ORegAnno	rn6	chr9	17339424	17339441	+
TFLinkLT10035924	Q66HB1	Tbp	Rattus norvegicus	inferred by curator	18971253	ORegAnno	rn6	chr5	164806616	164806633	+
TFLinkLT10035925	Q66HB1	Tbp	Rattus norvegicus	inferred by curator	18971253	ORegAnno	rn6	chr12	22640906	22640923	+
TFLinkLT10035926	Q66HB1	Tbp	Rattus norvegicus	inferred by curator	18971253	ORegAnno	rn6	chr3	171213801	171213818	+
TFLinkLT10035927	Q66HB1	Tbp	Rattus norvegicus	inferred by curator	18971253	ORegAnno	rn6	chr8	130550463	130550475	+
TFLinkLT10035928	Q66HB1	Tbp	Rattus norvegicus	inferred by curator	18971253	ORegAnno	rn6	chr8	81765420	81765432	+
TFLinkLT10035929	Q66HB1	Tbp	Rattus norvegicus	inferred by curator	18971253	ORegAnno	rn6	chr1	272799715	272799727	+
TFLinkLT10035930	Q66HB1	Tbp	Rattus norvegicus	inferred by curator	18971253	ORegAnno	rn6	chr8	106507340	106507352	-
TFLinkLT10035931	Q66HB1	Tbp	Rattus norvegicus	inferred by curator	18971253	ORegAnno	rn6	chr14	86164427	86164439	+
TFLinkLT10035932	Q66HB1	Tbp	Rattus norvegicus	inferred by curator	18971253	ORegAnno	rn6	chr12	11082844	11082856	-
TFLinkLT10035933	Q66HB1	Tbp	Rattus norvegicus	inferred by curator	18971253	ORegAnno	rn6	chr2	188449515	188449527	-
TFLinkLT10035934	Q66HB1	Tbp	Rattus norvegicus	inferred by curator	18971253	ORegAnno	rn6	chr19	41689820	41689832	-
TFLinkLT10035935	Q66HB1	Tbp	Rattus norvegicus	inferred by curator	18971253	ORegAnno	rn6	chr5	134492735	134492747	+
TFLinkLT10035936	Q66HB1	Tbp	Rattus norvegicus	inferred by curator	18971253	ORegAnno	rn6	chrX	13601079	13601091	+
TFLinkLT10035937	Q66HB1	Tbp	Rattus norvegicus	inferred by curator	18971253	ORegAnno	rn6	chrX	13601161	13601173	-
TFLinkLT10035938	Q66HB1	Tbp	Rattus norvegicus	inferred by curator	18971253	ORegAnno	rn6	chr2	227080806	227080818	-
TFLinkLT10035939	Q66HB1	Tbp	Rattus norvegicus	inferred by curator	18971253	ORegAnno	rn6	chr3	171213485	171213497	-
TFLinkLT10035940	Q66HB1	Tbp	Rattus norvegicus	inferred by curator	18971253	ORegAnno	rn6	chr14	86900798	86900809	-
TFLinkLT10035941	Q66HB1	Tbp	Rattus norvegicus	inferred by curator	18971253	ORegAnno	rn6	chr14	86900856	86900872	-
TFLinkLT10035942	G3V7U9	G3V7U9_RAT	Rattus norvegicus	inferred by curator	18971253	ORegAnno	rn6	chr14	86900881	86900886	-
TFLinkLT10035943	G3V7U9	G3V7U9_RAT	Rattus norvegicus	inferred by curator	18971253	ORegAnno	rn6	chr14	86900816	86900821	-
TFLinkLT10035944	G3V7U9	G3V7U9_RAT	Rattus norvegicus	inferred by curator	18971253	ORegAnno	rn6	chr14	86900839	86900854	-
TFLinkLT10035945	O70188	Nfic	Rattus norvegicus	inferred by curator	18971253	ORegAnno	rn6	chr10	90999515	90999527	-
TFLinkLT10035946	Q66HB1	Tbp	Rattus norvegicus	inferred by curator	18971253	ORegAnno	rn6	chr14	19159950	19159956	-
TFLinkLT10035947	G3V7U9	G3V7U9_RAT	Rattus norvegicus	inferred by curator	18971253	ORegAnno	rn6	chr14	19160141	19160156	-
TFLinkLT10035948	G3V7U9	G3V7U9_RAT	Rattus norvegicus	inferred by curator	18971253	ORegAnno	rn6	chr14	19159670	19159694	-
TFLinkLT10035949	G3V7U9	G3V7U9_RAT	Rattus norvegicus	inferred by curator	18971253	ORegAnno	rn6	chr14	19160032	19160046	-
TFLinkLT10035950	G3V7U9	G3V7U9_RAT	Rattus norvegicus	inferred by curator	18971253	ORegAnno	rn6	chr14	19160085	19160090	-
TFLinkLT10035951	G3V7U9	G3V7U9_RAT	Rattus norvegicus	inferred by curator	18971253	ORegAnno	rn6	chr18	47513610	47513624	-
TFLinkLT10035952	G3V7U9	G3V7U9_RAT	Rattus norvegicus	inferred by curator	18971253	ORegAnno	rn6	chr18	47513169	47513181	-
TFLinkLT10035953	G3V7U9	G3V7U9_RAT	Rattus norvegicus	inferred by curator	18971253	ORegAnno	rn6	chr15	83707627	83707640	+
TFLinkLT10035954	Q01714	Sp1	Rattus norvegicus	inferred by curator	18971253	ORegAnno	rn6	chr15	83707578	83707587	+
TFLinkLT10035955	F1M9C5	Runx2	Rattus norvegicus	inferred by curator	18971253	ORegAnno	rn6	chr15	83707608	83707616	+
TFLinkLT10035956	F1M9C5	Runx2	Rattus norvegicus	inferred by curator	18971253	ORegAnno	rn6	chrX	107495955	107495968	+
TFLinkLT10035957	F1M9C5	Runx2	Rattus norvegicus	inferred by curator	18971253	ORegAnno	rn6	chr16	69936057	69936078	-
TFLinkLT10035958	F1M9C5	Runx2	Rattus norvegicus	inferred by curator	18971253	ORegAnno	rn6	chr6	28570652	28570673	+
TFLinkLT10035959	F1M9C5	Runx2	Rattus norvegicus	inferred by curator	18971253	ORegAnno	rn6	chr18	62851222	62851243	-
TFLinkLT10035960	Q499N1	Rara	Rattus norvegicus	inferred by curator	18971253	ORegAnno	rn6	chr10	86869809	86869825	+
TFLinkLT10035961	Q499N1	Rara	Rattus norvegicus	inferred by curator	18971253	ORegAnno	rn6	chr12	22278421	22278434	+
TFLinkLT10035962	Q499N1	Rara	Rattus norvegicus	inferred by curator	18971253	ORegAnno	rn6	chr2	187321715	187321727	-
TFLinkLT10035963	Q499N1	Rara	Rattus norvegicus	inferred by curator	18971253	ORegAnno	rn6	chr10	84212719	84212732	-
TFLinkLT10035964	Q499N1	Rara	Rattus norvegicus	inferred by curator	18971253	ORegAnno	rn6	chr10	84217394	84217407	-
TFLinkLT10035965	Q499N1	Rara	Rattus norvegicus	inferred by curator	18971253	ORegAnno	rn6	chr10	84221406	84221422	+
TFLinkLT10035966	Q499N1	Rara	Rattus norvegicus	inferred by curator	18971253	ORegAnno	rn6	chr3	80843852	80843868	+
TFLinkLT10035967	Q499N1	Rara	Rattus norvegicus	inferred by curator	18971253	ORegAnno	rn6	chr3	171213485	171213497	-
TFLinkLT10035968	Q499N1	Rara	Rattus norvegicus	inferred by curator	18971253	ORegAnno	rn6	chr3	171213599	171213615	-
TFLinkLT10035969	Q499N1	Rara	Rattus norvegicus	inferred by curator	18971253	ORegAnno	rn6	chr8	106448367	106448380	+
TFLinkLT10035970	Q499N1	Rara	Rattus norvegicus	inferred by curator	18971253	ORegAnno	rn6	chr8	106507340	106507352	-
TFLinkLT10035971	Q499N1	Rara	Rattus norvegicus	inferred by curator	18971253	ORegAnno	rn6	chr8	106507289	106507302	-
TFLinkLT10035972	Q499N1	Rara	Rattus norvegicus	inferred by curator	18971253	ORegAnno	rn6	chr8	106506591	106506603	+
TFLinkLT10035973	Q499N1	Rara	Rattus norvegicus	inferred by curator	18971253	ORegAnno	rn6	chr8	106506584	106506596	+
TFLinkLT10035974	Q499N1	Rara	Rattus norvegicus	inferred by curator	18971253	ORegAnno	rn6	chr8	106506577	106506589	+
TFLinkLT10035975	Q499N1	Rara	Rattus norvegicus	inferred by curator	18971253	ORegAnno	rn6	chr8	106506570	106506582	+
TFLinkLT10035976	Q499N1	Rara	Rattus norvegicus	inferred by curator	18971253	ORegAnno	rn6	chr6	78550904	78550920	+
TFLinkLT10035977	Q499N1	Rara	Rattus norvegicus	inferred by curator	18971253	ORegAnno	rn6	chr4	82122281	82122297	-
TFLinkLT10035978	Q499N1	Rara	Rattus norvegicus	inferred by curator	18971253	ORegAnno	rn6	chr1	265503396	265503409	-
TFLinkLT10035979	Q499N1	Rara	Rattus norvegicus	inferred by curator	18971253	ORegAnno	rn6	chr3	61646702	61646718	+
TFLinkLT10035980	Q499N1	Rara	Rattus norvegicus	inferred by curator	18971253	ORegAnno	rn6	chr3	61652493	61652509	+
TFLinkLT10035981	Q499N1	Rara	Rattus norvegicus	inferred by curator	18971253	ORegAnno	rn6	chr13	85840018	85840030	+
TFLinkLT10035982	Q499N1	Rara	Rattus norvegicus	inferred by curator	18971253	ORegAnno	rn6	chr2	187347334	187347346	-
TFLinkLT10035983	Q499N1	Rara	Rattus norvegicus	inferred by curator	18971253	ORegAnno	rn6	chr2	187347326	187347339	+
TFLinkLT10035984	Q499N1	Rara	Rattus norvegicus	inferred by curator	18971253	ORegAnno	rn6	chr10	84173161	84173177	+
TFLinkLT10035985	Q499N1	Rara	Rattus norvegicus	inferred by curator	18971253	ORegAnno	rn6	chr4	82163441	82163457	-
TFLinkLT10035986	Q499N1	Rara	Rattus norvegicus	inferred by curator	18971253	ORegAnno	rn6	chr10	84159315	84159331	+
TFLinkLT10035987	Q499N1	Rara	Rattus norvegicus	inferred by curator	18971253	ORegAnno	rn6	chr4	82273217	82273233	-
TFLinkLT10035988	Q499N1	Rara	Rattus norvegicus	inferred by curator	18971253	ORegAnno	rn6	chr8	55178757	55178769	-
TFLinkLT10035989	Q499N1	Rara	Rattus norvegicus	inferred by curator	18971253	ORegAnno	rn6	chr8	55178695	55178711	-
TFLinkLT10035990	Q499N1	Rara	Rattus norvegicus	inferred by curator	18971253	ORegAnno	rn6	chr8	33816055	33816071	+
TFLinkLT10035991	Q499N1	Rara	Rattus norvegicus	inferred by curator	18971253	ORegAnno	rn6	chr1	238222583	238222599	-
