TFLinkID	UniprotID.TF	Name.TF	Organism	Detection.method	PubmedID	Source.database	Small-scale.evidence	Assembly	Chromosome	Start	End	Strand
TFLinkLT09285177	P04150	NR3C1	Homo sapiens	inferred by curator	18971253	ORegAnno	Yes	hg38	chr4	73436041	73436060	+
TFLinkLT06020679	P04150	NR3C1	Mus musculus	chromatin immunoprecipitation assay	15563547	jaspar	No	mm9	chr6	48775338	48775352	+
TFLinkLT06020680	P04150	NR3C1	Mus musculus	chromatin immunoprecipitation assay	15563547	jaspar	No	mm9	chr2	113496284	113496298	-
TFLinkLT06020681	P04150	NR3C1	Mus musculus	chromatin immunoprecipitation assay	15563547	jaspar	No	mm9	chr9	116243411	116243425	+
TFLinkLT06020682	P04150	NR3C1	Mus musculus	chromatin immunoprecipitation assay	15563547	jaspar	No	mm9	chr1	176912046	176912060	-
TFLinkLT06020683	P04150	NR3C1	Mus musculus	chromatin immunoprecipitation assay	15563547	jaspar	No	mm9	chr1	185722126	185722140	+
TFLinkLT06020684	P04150	NR3C1	Mus musculus	chromatin immunoprecipitation assay	15563547	jaspar	No	mm9	chr13	108179289	108179303	+
TFLinkLT06020685	P04150	NR3C1	Mus musculus	chromatin immunoprecipitation assay	15563547	jaspar	No	mm9	chr18	66543449	66543463	-
TFLinkLT06020686	P04150	NR3C1	Mus musculus	chromatin immunoprecipitation assay	15563547	jaspar	No	mm9	chr14	121745603	121745617	+
TFLinkLT06020687	P04150	NR3C1	Mus musculus	chromatin immunoprecipitation assay	15563547	jaspar	No	mm9	chr7	111559154	111559168	+
TFLinkLT06020688	P04150	NR3C1	Mus musculus	chromatin immunoprecipitation assay	15563547	jaspar	No	mm9	chr16	25059477	25059491	+
TFLinkLT06020689	P04150	NR3C1	Mus musculus	chromatin immunoprecipitation assay	15563547	jaspar	No	mm9	chr5	104665936	104665950	-
TFLinkLT06020690	P04150	NR3C1	Mus musculus	chromatin immunoprecipitation assay	15563547	jaspar	No	mm9	chr6	144053522	144053536	+
TFLinkLT06020691	P04150	NR3C1	Mus musculus	chromatin immunoprecipitation assay	15563547	jaspar	No	mm9	chr7	88255198	88255212	+
TFLinkLT06020692	P04150	NR3C1	Mus musculus	chromatin immunoprecipitation assay	15563547	jaspar	No	mm9	chr8	122566819	122566833	-
TFLinkLT06020693	P04150	NR3C1	Mus musculus	chromatin immunoprecipitation assay	15563547	jaspar	No	mm9	chr16	34764424	34764438	-
TFLinkLT06020694	P04150	NR3C1	Mus musculus	chromatin immunoprecipitation assay	15563547	jaspar	No	mm9	chr16	42999266	42999280	-
TFLinkLT06020695	P04150	NR3C1	Mus musculus	chromatin immunoprecipitation assay	15563547	jaspar	No	mm9	chr6	134208863	134208877	-
TFLinkLT06020696	P04150	NR3C1	Mus musculus	chromatin immunoprecipitation assay	15563547	jaspar	No	mm9	chr4	56126716	56126730	+
TFLinkLT06020697	P04150	NR3C1	Mus musculus	chromatin immunoprecipitation assay	15563547	jaspar	No	mm9	chr6	30614764	30614778	-
TFLinkLT06020698	P04150	NR3C1	Mus musculus	chromatin immunoprecipitation assay	15563547	jaspar	No	mm9	chr6	91135721	91135735	+
TFLinkLT06020699	P04150	NR3C1	Mus musculus	chromatin immunoprecipitation assay	15563547	jaspar	No	mm9	chr11	67481334	67481348	-
TFLinkLT06020700	P04150	NR3C1	Mus musculus	chromatin immunoprecipitation assay	15563547	jaspar	No	mm9	chr12	78935180	78935194	+
TFLinkLT06020701	P04150	NR3C1	Mus musculus	chromatin immunoprecipitation assay	15563547	jaspar	No	mm9	chr13	109257597	109257611	-
TFLinkLT06020702	P04150	NR3C1	Mus musculus	chromatin immunoprecipitation assay	15563547	jaspar	No	mm9	chr14	76549560	76549574	-
TFLinkLT06020703	P04150	NR3C1	Mus musculus	chromatin immunoprecipitation assay	15563547	jaspar	No	mm9	chr17	84595238	84595252	-
TFLinkLT06020704	P04150	NR3C1	Mus musculus	chromatin immunoprecipitation assay	15563547	jaspar	No	mm9	chr1	154858975	154858989	+
TFLinkLT06020705	P04150	NR3C1	Mus musculus	chromatin immunoprecipitation assay	15563547	jaspar	No	mm9	chr1	172074149	172074163	-
TFLinkLT06020706	P04150	NR3C1	Mus musculus	chromatin immunoprecipitation assay	15563547	jaspar	No	mm9	chr2	154878556	154878570	-
TFLinkLT06020707	P04150	NR3C1	Mus musculus	chromatin immunoprecipitation assay	15563547	jaspar	No	mm9	chr7	71041975	71041989	+
TFLinkLT06020708	P04150	NR3C1	Mus musculus	chromatin immunoprecipitation assay	15563547	jaspar	No	mm9	chr8	96695435	96695449	+
TFLinkLT06020709	P04150	NR3C1	Mus musculus	chromatin immunoprecipitation assay	15563547	jaspar	No	mm9	chr11	68912918	68912932	-
TFLinkLT06020710	P04150	NR3C1	Mus musculus	chromatin immunoprecipitation assay	15563547	jaspar	No	mm9	chr19	4493109	4493123	+
TFLinkLT06020711	P04150	NR3C1	Mus musculus	chromatin immunoprecipitation assay	15563547	jaspar	No	mm9	chr1	173239587	173239601	-
TFLinkLT06020712	P04150	NR3C1	Mus musculus	chromatin immunoprecipitation assay	15563547	jaspar	No	mm9	chr10	87855362	87855376	-
TFLinkLT06020713	P04150	NR3C1	Mus musculus	chromatin immunoprecipitation assay	15563547	jaspar	No	mm9	chr7	106735434	106735448	-
TFLinkLT06020714	P04150	NR3C1	Mus musculus	chromatin immunoprecipitation assay	15563547	jaspar	No	mm9	chr8	47961494	47961508	-
TFLinkLT06020715	P04150	NR3C1	Mus musculus	chromatin immunoprecipitation assay	15563547	jaspar	No	mm9	chr12	81304461	81304475	+
TFLinkLT06020716	P04150	NR3C1	Mus musculus	chromatin immunoprecipitation assay	15563547	jaspar	No	mm9	chr13	20126150	20126164	-
TFLinkLT06020717	P04150	NR3C1	Mus musculus	chromatin immunoprecipitation assay	15563547	jaspar	No	mm9	chr15	80936894	80936908	+
TFLinkLT06020718	P04150	NR3C1	Mus musculus	chromatin immunoprecipitation assay	15563547	jaspar	No	mm9	chr19	27326502	27326516	+
TFLinkLT06020719	P04150	NR3C1	Mus musculus	chromatin immunoprecipitation assay	15563547	jaspar	No	mm9	chr2	160631046	160631060	+
TFLinkLT06020720	P04150	NR3C1	Mus musculus	chromatin immunoprecipitation assay	15563547	jaspar	No	mm9	chr2	164281430	164281444	-
TFLinkLT06020721	P04150	NR3C1	Mus musculus	chromatin immunoprecipitation assay	15563547	jaspar	No	mm9	chr4	134745830	134745844	+
TFLinkLT06020722	P04150	NR3C1	Mus musculus	chromatin immunoprecipitation assay	15563547	jaspar	No	mm9	chr4	134745851	134745865	+
TFLinkLT06020723	P04150	NR3C1	Mus musculus	chromatin immunoprecipitation assay	15563547	jaspar	No	mm9	chr7	80753965	80753979	+
TFLinkLT06020724	P04150	NR3C1	Mus musculus	chromatin immunoprecipitation assay	15563547	jaspar	No	mm9	chr9	48545706	48545720	-
TFLinkLT06020725	P04150	NR3C1	Mus musculus	chromatin immunoprecipitation assay	15563547	jaspar	No	mm9	chr9	70609399	70609413	+
TFLinkLT06020726	P04150	NR3C1	Mus musculus	chromatin immunoprecipitation assay	15563547	jaspar	No	mm9	chr11	68910578	68910592	+
TFLinkLT06020727	P04150	NR3C1	Mus musculus	chromatin immunoprecipitation assay	15563547	jaspar	No	mm9	chr13	32636985	32636999	-
TFLinkLT06020728	P04150	NR3C1	Mus musculus	chromatin immunoprecipitation assay	15563547	jaspar	No	mm9	chr15	75658767	75658781	-
TFLinkLT06020729	P04150	NR3C1	Mus musculus	chromatin immunoprecipitation assay	15563547	jaspar	No	mm9	chr17	47645079	47645093	+
TFLinkLT06020730	P04150	NR3C1	Mus musculus	chromatin immunoprecipitation assay	15563547	jaspar	No	mm9	chr18	52655578	52655592	+
TFLinkLT06020731	P04150	NR3C1	Mus musculus	chromatin immunoprecipitation assay	15563547	jaspar	No	mm9	chr1	88540112	88540126	-
TFLinkLT06020732	P04150	NR3C1	Mus musculus	chromatin immunoprecipitation assay	15563547	jaspar	No	mm9	chr8	36722447	36722461	-
TFLinkLT06020733	P04150	NR3C1	Mus musculus	chromatin immunoprecipitation assay	15563547	jaspar	No	mm9	chr9	59378279	59378293	-
TFLinkLT06020734	P04150	NR3C1	Mus musculus	chromatin immunoprecipitation assay	15563547	jaspar	No	mm9	chr9	59378310	59378324	+
TFLinkLT06020735	P04150	NR3C1	Mus musculus	chromatin immunoprecipitation assay	15563547	jaspar	No	mm9	chr13	98336326	98336340	-
TFLinkLT06020736	P04150	NR3C1	Mus musculus	chromatin immunoprecipitation assay	15563547	jaspar	No	mm9	chr15	57212125	57212139	-
TFLinkLT06020737	P04150	NR3C1	Mus musculus	chromatin immunoprecipitation assay	15563547	jaspar	No	mm9	chr1	155748755	155748769	+
TFLinkLT06020738	P04150	NR3C1	Mus musculus	chromatin immunoprecipitation assay	15563547	jaspar	No	mm9	chr10	48269685	48269699	-
TFLinkLT06020739	P04150	NR3C1	Mus musculus	chromatin immunoprecipitation assay	15563547	jaspar	No	mm9	chr11	99316226	99316240	+
TFLinkLT06020740	P04150	NR3C1	Mus musculus	chromatin immunoprecipitation assay	15563547	jaspar	No	mm9	chr4	57710986	57711000	-
TFLinkLT06020741	P04150	NR3C1	Mus musculus	chromatin immunoprecipitation assay	15563547	jaspar	No	mm9	chr7	121346563	121346577	+
TFLinkLT06020742	P04150	NR3C1	Mus musculus	chromatin immunoprecipitation assay	15563547	jaspar	No	mm9	chr8	10911145	10911159	+
TFLinkLT06020743	P04150	NR3C1	Mus musculus	chromatin immunoprecipitation assay	15563547	jaspar	No	mm9	chr19	21201776	21201790	+
TFLinkLT06020744	P04150	NR3C1	Mus musculus	chromatin immunoprecipitation assay	15563547	jaspar	No	mm9	chr12	10183222	10183236	+
TFLinkLT06020745	P04150	NR3C1	Mus musculus	chromatin immunoprecipitation assay	15563547	jaspar	No	mm9	chr12	74989159	74989173	+
TFLinkLT06020746	P04150	NR3C1	Mus musculus	chromatin immunoprecipitation assay	15563547	jaspar	No	mm9	chr13	52831823	52831837	-
TFLinkLT06020747	P04150	NR3C1	Mus musculus	chromatin immunoprecipitation assay	15563547	jaspar	No	mm9	chr15	101933080	101933094	-
TFLinkLT06020748	P04150	NR3C1	Mus musculus	chromatin immunoprecipitation assay	15563547	jaspar	No	mm9	chrX	48509626	48509640	+
TFLinkLT06020749	P04150	NR3C1	Mus musculus	chromatin immunoprecipitation assay	15563547	jaspar	No	mm9	chr1	187989067	187989081	-
TFLinkLT06020750	P04150	NR3C1	Mus musculus	chromatin immunoprecipitation assay	15563547	jaspar	No	mm9	chr9	41282787	41282801	+
TFLinkLT06020751	P04150	NR3C1	Mus musculus	chromatin immunoprecipitation assay	15563547	jaspar	No	mm9	chr11	11744626	11744640	-
TFLinkLT06020752	P04150	NR3C1	Mus musculus	chromatin immunoprecipitation assay	15563547	jaspar	No	mm9	chr11	34659399	34659413	+
TFLinkLT06020753	P04150	NR3C1	Mus musculus	chromatin immunoprecipitation assay	15563547	jaspar	No	mm9	chr13	103086439	103086453	+
TFLinkLT06020754	P04150	NR3C1	Mus musculus	chromatin immunoprecipitation assay	15563547	jaspar	No	mm9	chr13	103086491	103086505	+
TFLinkLT06020755	P04150	NR3C1	Mus musculus	chromatin immunoprecipitation assay	15563547	jaspar	No	mm9	chr15	84470069	84470083	-
TFLinkLT06020756	P04150	NR3C1	Mus musculus	chromatin immunoprecipitation assay	15563547	jaspar	No	mm9	chr19	30177367	30177381	-
TFLinkLT06020757	P04150	NR3C1	Mus musculus	chromatin immunoprecipitation assay	15563547	jaspar	No	mm9	chrX	70203522	70203536	-
TFLinkLT06020758	P04150	NR3C1	Mus musculus	chromatin immunoprecipitation assay	15563547	jaspar	No	mm9	chr3	133906579	133906593	-
TFLinkLT06020759	P04150	NR3C1	Mus musculus	chromatin immunoprecipitation assay	15563547	jaspar	No	mm9	chr6	127248361	127248375	+
TFLinkLT06020760	P04150	NR3C1	Mus musculus	chromatin immunoprecipitation assay	15563547	jaspar	No	mm9	chr7	127104707	127104721	-
TFLinkLT06020761	P04150	NR3C1	Mus musculus	chromatin immunoprecipitation assay	15563547	jaspar	No	mm9	chr8	33294465	33294479	-
TFLinkLT06020762	P04150	NR3C1	Mus musculus	chromatin immunoprecipitation assay	15563547	jaspar	No	mm9	chr11	8725573	8725587	-
TFLinkLT06020763	P04150	NR3C1	Mus musculus	chromatin immunoprecipitation assay	15563547	jaspar	No	mm9	chr12	15714604	15714618	+
TFLinkLT06020764	P04150	NR3C1	Mus musculus	chromatin immunoprecipitation assay	15563547	jaspar	No	mm9	chr3	84129012	84129026	-
TFLinkLT06020765	P04150	NR3C1	Mus musculus	chromatin immunoprecipitation assay	15563547	jaspar	No	mm9	chr6	39242740	39242754	-
TFLinkLT06020766	P04150	NR3C1	Mus musculus	chromatin immunoprecipitation assay	15563547	jaspar	No	mm9	chr13	109857072	109857086	+
TFLinkLT06020767	P04150	NR3C1	Mus musculus	chromatin immunoprecipitation assay	15563547	jaspar	No	mm9	chr14	79667461	79667475	+
TFLinkLT06020768	P04150	NR3C1	Mus musculus	chromatin immunoprecipitation assay	15563547	jaspar	No	mm9	chr15	12173723	12173737	-
TFLinkLT06020769	P04150	NR3C1	Mus musculus	chromatin immunoprecipitation assay	15563547	jaspar	No	mm9	chr18	38569582	38569596	-
TFLinkLT06020770	P04150	NR3C1	Mus musculus	chromatin immunoprecipitation assay	15563547	jaspar	No	mm9	chr19	46983583	46983597	+
TFLinkLT06020771	P04150	NR3C1	Mus musculus	chromatin immunoprecipitation assay	15563547	jaspar	No	mm9	chr19	54014132	54014146	+
TFLinkLT06020772	P04150	NR3C1	Mus musculus	chromatin immunoprecipitation assay	15563547	jaspar	No	mm9	chrX	137048093	137048107	-
TFLinkLT06020773	P04150	NR3C1	Mus musculus	chromatin immunoprecipitation assay	15563547	jaspar	No	mm9	chr1	136647806	136647820	-
TFLinkLT06020774	P04150	NR3C1	Mus musculus	chromatin immunoprecipitation assay	15563547	jaspar	No	mm9	chr2	95846567	95846581	+
TFLinkLT06020775	P04150	NR3C1	Mus musculus	chromatin immunoprecipitation assay	15563547	jaspar	No	mm9	chr3	80814110	80814124	-
TFLinkLT06020776	P04150	NR3C1	Mus musculus	chromatin immunoprecipitation assay	15563547	jaspar	No	mm9	chr3	96563722	96563736	+
TFLinkLT06020777	P04150	NR3C1	Mus musculus	chromatin immunoprecipitation assay	15563547	jaspar	No	mm9	chr5	32208393	32208407	-
TFLinkLT06020778	P04150	NR3C1	Mus musculus	chromatin immunoprecipitation assay	15563547	jaspar	No	mm9	chr6	37655847	37655861	-
TFLinkLT06020779	P04150	NR3C1	Mus musculus	chromatin immunoprecipitation assay	15563547	jaspar	No	mm9	chr9	75211055	75211069	-
TFLinkLT06020780	P04150	NR3C1	Mus musculus	chromatin immunoprecipitation assay	15563547	jaspar	No	mm9	chr13	33661373	33661387	-
TFLinkLT06020781	P04150	NR3C1	Mus musculus	chromatin immunoprecipitation assay	15563547	jaspar	No	mm9	chr16	56584337	56584351	+
TFLinkLT06020782	P04150	NR3C1	Mus musculus	chromatin immunoprecipitation assay	15563547	jaspar	No	mm9	chr17	63360371	63360385	-
TFLinkLT06020783	P04150	NR3C1	Mus musculus	chromatin immunoprecipitation assay	15563547	jaspar	No	mm9	chr17	63882974	63882988	+
TFLinkLT06020784	P04150	NR3C1	Mus musculus	chromatin immunoprecipitation assay	15563547	jaspar	No	mm9	chr2	148687435	148687449	+
TFLinkLT06020785	P04150	NR3C1	Mus musculus	chromatin immunoprecipitation assay	15563547	jaspar	No	mm9	chr6	31021016	31021030	+
TFLinkLT06020786	P04150	NR3C1	Mus musculus	chromatin immunoprecipitation assay	15563547	jaspar	No	mm9	chr10	107004443	107004457	+
TFLinkLT06020787	P04150	NR3C1	Mus musculus	chromatin immunoprecipitation assay	15563547	jaspar	No	mm9	chr14	48908361	48908375	-
TFLinkLT06020788	P04150	NR3C1	Mus musculus	chromatin immunoprecipitation assay	15563547	jaspar	No	mm9	chr1	74054466	74054480	-
TFLinkLT06020789	P04150	NR3C1	Mus musculus	chromatin immunoprecipitation assay	15563547	jaspar	No	mm9	chr1	74054512	74054526	-
TFLinkLT06020790	P04150	NR3C1	Mus musculus	chromatin immunoprecipitation assay	15563547	jaspar	No	mm9	chr4	99677131	99677145	+
TFLinkLT06020791	P04150	NR3C1	Mus musculus	chromatin immunoprecipitation assay	15563547	jaspar	No	mm9	chr8	121302450	121302464	+
TFLinkLT06020792	P04150	NR3C1	Mus musculus	chromatin immunoprecipitation assay	15563547	jaspar	No	mm9	chr9	30997116	30997130	+
TFLinkLT06020793	P04150	NR3C1	Mus musculus	chromatin immunoprecipitation assay	15563547	jaspar	No	mm9	chr9	32748672	32748686	+
TFLinkLT06020794	P04150	NR3C1	Mus musculus	chromatin immunoprecipitation assay	15563547	jaspar	No	mm9	chr10	15041495	15041509	+
TFLinkLT06020795	P04150	NR3C1	Mus musculus	chromatin immunoprecipitation assay	15563547	jaspar	No	mm9	chr15	10358941	10358955	-
TFLinkLT06020796	P04150	NR3C1	Mus musculus	chromatin immunoprecipitation assay	15563547	jaspar	No	mm9	chr19	30245022	30245036	-
TFLinkLT06020797	P04150	NR3C1	Mus musculus	chromatin immunoprecipitation assay	15563547	jaspar	No	mm9	chr7	148731330	148731344	+
TFLinkLT06020798	P04150	NR3C1	Mus musculus	chromatin immunoprecipitation assay	15563547	jaspar	No	mm9	chr12	80536687	80536701	-
TFLinkLT06020799	P04150	NR3C1	Mus musculus	chromatin immunoprecipitation assay	15563547	jaspar	No	mm9	chr13	90867697	90867711	+
TFLinkLT06020800	P04150	NR3C1	Mus musculus	chromatin immunoprecipitation assay	15563547	jaspar	No	mm9	chr14	26087870	26087884	+
TFLinkLT06020801	P04150	NR3C1	Mus musculus	chromatin immunoprecipitation assay	15563547	jaspar	No	mm9	chrX	97883197	97883211	-
TFLinkLT06020802	P04150	NR3C1	Mus musculus	chromatin immunoprecipitation assay	15563547	jaspar	No	mm9	chr2	103962264	103962278	-
TFLinkLT06020803	P04150	NR3C1	Mus musculus	chromatin immunoprecipitation assay	15563547	jaspar	No	mm9	chr5	118593867	118593881	+
TFLinkLT06020804	P04150	NR3C1	Mus musculus	chromatin immunoprecipitation assay	15563547	jaspar	No	mm9	chr9	60113145	60113159	+
TFLinkLT06020805	P04150	NR3C1	Mus musculus	chromatin immunoprecipitation assay	15563547	jaspar	No	mm9	chr15	51080086	51080100	-
TFLinkLT06020806	P04150	NR3C1	Mus musculus	chromatin immunoprecipitation assay	15563547	jaspar	No	mm9	chr16	52136247	52136261	-
TFLinkLT06020807	P04150	NR3C1	Mus musculus	chromatin immunoprecipitation assay	15563547	jaspar	No	mm9	chr17	26672273	26672287	-
TFLinkLT06020808	P04150	NR3C1	Mus musculus	chromatin immunoprecipitation assay	15563547	jaspar	No	mm9	chr18	12453695	12453709	-
TFLinkLT06020809	P04150	NR3C1	Mus musculus	chromatin immunoprecipitation assay	15563547	jaspar	No	mm9	chr6	115468043	115468057	-
TFLinkLT06020810	P04150	NR3C1	Mus musculus	chromatin immunoprecipitation assay	15563547	jaspar	No	mm9	chr7	26065327	26065341	-
TFLinkLT06020811	P04150	NR3C1	Mus musculus	chromatin immunoprecipitation assay	15563547	jaspar	No	mm9	chr8	126286586	126286600	+
TFLinkLT06020812	P04150	NR3C1	Mus musculus	chromatin immunoprecipitation assay	15563547	jaspar	No	mm9	chr11	45618990	45619004	+
TFLinkLT06020813	P04150	NR3C1	Mus musculus	chromatin immunoprecipitation assay	15563547	jaspar	No	mm9	chr12	76405327	76405341	-
TFLinkLT06020814	P04150	NR3C1	Mus musculus	chromatin immunoprecipitation assay	15563547	jaspar	No	mm9	chr14	47725305	47725319	-
TFLinkLT06020815	P04150	NR3C1	Mus musculus	chromatin immunoprecipitation assay	15563547	jaspar	No	mm9	chr14	100144502	100144516	-
TFLinkLT06020816	P04150	NR3C1	Mus musculus	chromatin immunoprecipitation assay	15563547	jaspar	No	mm9	chr17	8033949	8033963	+
TFLinkLT06020817	P04150	NR3C1	Mus musculus	chromatin immunoprecipitation assay	15563547	jaspar	No	mm9	chr19	33199312	33199326	+
TFLinkLT06020818	P04150	NR3C1	Mus musculus	chromatin immunoprecipitation assay	15563547	jaspar	No	mm9	chr4	32402287	32402301	-
TFLinkLT06020819	P04150	NR3C1	Mus musculus	chromatin immunoprecipitation assay	15563547	jaspar	No	mm9	chr4	57852410	57852424	-
TFLinkLT06020820	P04150	NR3C1	Mus musculus	chromatin immunoprecipitation assay	15563547	jaspar	No	mm9	chr6	120946122	120946136	-
TFLinkLT06020821	P04150	NR3C1	Mus musculus	chromatin immunoprecipitation assay	15563547	jaspar	No	mm9	chr13	5603607	5603621	-
TFLinkLT06020822	P04150	NR3C1	Mus musculus	chromatin immunoprecipitation assay	15563547	jaspar	No	mm9	chr14	17597725	17597739	+
TFLinkLT06020823	P04150	NR3C1	Mus musculus	chromatin immunoprecipitation assay	15563547	jaspar	No	mm9	chr1	167368959	167368973	+
TFLinkLT06020824	P04150	NR3C1	Mus musculus	chromatin immunoprecipitation assay	15563547	jaspar	No	mm9	chr3	96355426	96355440	+
TFLinkLT06020825	P04150	NR3C1	Mus musculus	chromatin immunoprecipitation assay	15563547	jaspar	No	mm9	chr4	56160215	56160229	+
TFLinkLT06020826	P04150	NR3C1	Mus musculus	chromatin immunoprecipitation assay	15563547	jaspar	No	mm9	chr4	93437433	93437447	+
TFLinkLT06020827	P04150	NR3C1	Mus musculus	chromatin immunoprecipitation assay	15563547	jaspar	No	mm9	chr13	103415775	103415789	+
TFLinkLT06020828	P04150	NR3C1	Mus musculus	chromatin immunoprecipitation assay	15563547	jaspar	No	mm9	chr14	100276292	100276306	+
TFLinkLT06020829	P04150	NR3C1	Mus musculus	chromatin immunoprecipitation assay	15563547	jaspar	No	mm9	chr17	15560536	15560550	-
TFLinkLT06020830	P04150	NR3C1	Mus musculus	chromatin immunoprecipitation assay	15563547	jaspar	No	mm9	chr18	39862055	39862069	+
TFLinkLT06020831	P04150	NR3C1	Mus musculus	chromatin immunoprecipitation assay	15563547	jaspar	No	mm9	chr5	66963852	66963866	-
TFLinkLT06020832	P04150	NR3C1	Mus musculus	chromatin immunoprecipitation assay	15563547	jaspar	No	mm9	chr6	34565733	34565747	-
TFLinkLT06020833	P04150	NR3C1	Mus musculus	chromatin immunoprecipitation assay	15563547	jaspar	No	mm9	chr6	119380988	119381002	-
TFLinkLT06020834	P04150	NR3C1	Mus musculus	chromatin immunoprecipitation assay	15563547	jaspar	No	mm9	chr9	87656697	87656711	+
TFLinkLT06020835	P04150	NR3C1	Mus musculus	chromatin immunoprecipitation assay	15563547	jaspar	No	mm9	chr12	8419114	8419128	-
TFLinkLT06020836	P04150	NR3C1	Mus musculus	chromatin immunoprecipitation assay	15563547	jaspar	No	mm9	chr14	106074382	106074396	+
TFLinkLT06020837	P04150	NR3C1	Mus musculus	chromatin immunoprecipitation assay	15563547	jaspar	No	mm9	chr17	28551228	28551242	+
TFLinkLT06020838	P04150	NR3C1	Mus musculus	chromatin immunoprecipitation assay	15563547	jaspar	No	mm9	chr2	47678470	47678484	-
TFLinkLT06020839	P04150	NR3C1	Mus musculus	chromatin immunoprecipitation assay	15563547	jaspar	No	mm9	chr2	148151160	148151174	-
TFLinkLT06020840	P04150	NR3C1	Mus musculus	chromatin immunoprecipitation assay	15563547	jaspar	No	mm9	chr7	97173254	97173268	-
TFLinkLT06020841	P04150	NR3C1	Mus musculus	chromatin immunoprecipitation assay	15563547	jaspar	No	mm9	chr7	105885912	105885926	-
TFLinkLT06020842	P04150	NR3C1	Mus musculus	chromatin immunoprecipitation assay	15563547	jaspar	No	mm9	chr13	42084966	42084980	-
TFLinkLT06020843	P04150	NR3C1	Mus musculus	chromatin immunoprecipitation assay	15563547	jaspar	No	mm9	chr16	34471790	34471804	+
TFLinkLT06020844	P04150	NR3C1	Mus musculus	chromatin immunoprecipitation assay	15563547	jaspar	No	mm9	chr16	86206147	86206161	-
TFLinkLT06020845	P04150	NR3C1	Mus musculus	chromatin immunoprecipitation assay	15563547	jaspar	No	mm9	chr17	80160143	80160157	-
TFLinkLT06020846	P04150	NR3C1	Mus musculus	chromatin immunoprecipitation assay	15563547	jaspar	No	mm9	chr3	104858732	104858746	+
TFLinkLT06020847	P04150	NR3C1	Mus musculus	chromatin immunoprecipitation assay	15563547	jaspar	No	mm9	chr4	14127391	14127405	+
TFLinkLT06020848	P04150	NR3C1	Mus musculus	chromatin immunoprecipitation assay	15563547	jaspar	No	mm9	chr5	107726146	107726160	+
TFLinkLT06020849	P04150	NR3C1	Mus musculus	chromatin immunoprecipitation assay	15563547	jaspar	No	mm9	chr6	53872543	53872557	-
TFLinkLT06020850	P04150	NR3C1	Mus musculus	chromatin immunoprecipitation assay	15563547	jaspar	No	mm9	chr6	59135379	59135393	-
TFLinkLT06020851	P04150	NR3C1	Mus musculus	chromatin immunoprecipitation assay	15563547	jaspar	No	mm9	chr6	145394206	145394220	-
TFLinkLT06020852	P04150	NR3C1	Mus musculus	chromatin immunoprecipitation assay	15563547	jaspar	No	mm9	chr16	58414255	58414269	-
TFLinkLT06020853	P04150	NR3C1	Mus musculus	chromatin immunoprecipitation assay	15563547	jaspar	No	mm9	chr18	56584354	56584368	-
TFLinkLT06020854	P04150	NR3C1	Mus musculus	chromatin immunoprecipitation assay	15563547	jaspar	No	mm9	chr4	9008047	9008061	-
TFLinkLT06020855	P04150	NR3C1	Mus musculus	chromatin immunoprecipitation assay	15563547	jaspar	No	mm9	chr4	11051032	11051046	+
TFLinkLT06020856	P04150	NR3C1	Mus musculus	chromatin immunoprecipitation assay	15563547	jaspar	No	mm9	chr5	91994653	91994667	-
TFLinkLT06020857	P04150	NR3C1	Mus musculus	chromatin immunoprecipitation assay	15563547	jaspar	No	mm9	chr6	127679532	127679546	-
TFLinkLT06020858	P04150	NR3C1	Mus musculus	chromatin immunoprecipitation assay	15563547	jaspar	No	mm9	chr7	126081445	126081459	-
TFLinkLT06020859	P04150	NR3C1	Mus musculus	chromatin immunoprecipitation assay	15563547	jaspar	No	mm9	chr14	66355117	66355131	-
TFLinkLT06020860	P04150	NR3C1	Mus musculus	chromatin immunoprecipitation assay	15563547	jaspar	No	mm9	chr2	12630977	12630991	+
TFLinkLT06020861	P04150	NR3C1	Mus musculus	chromatin immunoprecipitation assay	15563547	jaspar	No	mm9	chr4	64937729	64937743	-
TFLinkLT06020862	P04150	NR3C1	Mus musculus	chromatin immunoprecipitation assay	15563547	jaspar	No	mm9	chr5	150369759	150369773	-
TFLinkLT06020863	P04150	NR3C1	Mus musculus	chromatin immunoprecipitation assay	15563547	jaspar	No	mm9	chr15	44530673	44530687	+
TFLinkLT06020864	P04150	NR3C1	Mus musculus	chromatin immunoprecipitation assay	15563547	jaspar	No	mm9	chr15	44530733	44530747	-
TFLinkLT06020865	P04150	NR3C1	Mus musculus	chromatin immunoprecipitation assay	15563547	jaspar	No	mm9	chr15	96763913	96763927	-
TFLinkLT06020866	P04150	NR3C1	Mus musculus	chromatin immunoprecipitation assay	15563547	jaspar	No	mm9	chr16	24470995	24471009	-
TFLinkLT06020867	P04150	NR3C1	Mus musculus	chromatin immunoprecipitation assay	15563547	jaspar	No	mm9	chr1	36063578	36063592	+
TFLinkLT06020868	P04150	NR3C1	Mus musculus	chromatin immunoprecipitation assay	15563547	jaspar	No	mm9	chr4	54369189	54369203	+
TFLinkLT06020869	P04150	NR3C1	Mus musculus	chromatin immunoprecipitation assay	15563547	jaspar	No	mm9	chr6	93100802	93100816	+
TFLinkLT06020870	P04150	NR3C1	Mus musculus	chromatin immunoprecipitation assay	15563547	jaspar	No	mm9	chr8	64061730	64061744	+
TFLinkLT06020871	P04150	NR3C1	Mus musculus	chromatin immunoprecipitation assay	15563547	jaspar	No	mm9	chr9	14494024	14494038	+
TFLinkLT06020872	P04150	NR3C1	Mus musculus	chromatin immunoprecipitation assay	15563547	jaspar	No	mm9	chr15	78962074	78962088	+
TFLinkLT06020873	P04150	NR3C1	Mus musculus	chromatin immunoprecipitation assay	15563547	jaspar	No	mm9	chr18	33783216	33783230	+
TFLinkLT06020874	P04150	NR3C1	Mus musculus	chromatin immunoprecipitation assay	15563547	jaspar	No	mm9	chr2	48622296	48622310	+
TFLinkLT06020875	P04150	NR3C1	Mus musculus	chromatin immunoprecipitation assay	15563547	jaspar	No	mm9	chr4	32657149	32657163	-
TFLinkLT06020876	P04150	NR3C1	Mus musculus	chromatin immunoprecipitation assay	15563547	jaspar	No	mm9	chr6	134172367	134172381	-
TFLinkLT06020877	P04150	NR3C1	Mus musculus	chromatin immunoprecipitation assay	15563547	jaspar	No	mm9	chr8	114246844	114246858	+
TFLinkLT06020878	P04150	NR3C1	Mus musculus	chromatin immunoprecipitation assay	15563547	jaspar	No	mm9	chr8	129373168	129373182	-
TFLinkLT06020879	P04150	NR3C1	Mus musculus	chromatin immunoprecipitation assay	15563547	jaspar	No	mm9	chr11	76734704	76734718	-
TFLinkLT06020880	P04150	NR3C1	Mus musculus	chromatin immunoprecipitation assay	15563547	jaspar	No	mm9	chr12	10478214	10478228	-
TFLinkLT06020881	P04150	NR3C1	Mus musculus	chromatin immunoprecipitation assay	15563547	jaspar	No	mm9	chr13	5566335	5566349	-
TFLinkLT06020882	P04150	NR3C1	Mus musculus	chromatin immunoprecipitation assay	15563547	jaspar	No	mm9	chr13	42498760	42498774	-
TFLinkLT06020883	P04150	NR3C1	Mus musculus	chromatin immunoprecipitation assay	15563547	jaspar	No	mm9	chr18	33779301	33779315	+
TFLinkLT06020884	P04150	NR3C1	Mus musculus	chromatin immunoprecipitation assay	15563547	jaspar	No	mm9	chr19	44512498	44512512	+
TFLinkLT06020885	P04150	NR3C1	Mus musculus	chromatin immunoprecipitation assay	15563547	jaspar	No	mm9	chr2	5566738	5566752	-
TFLinkLT06020886	P04150	NR3C1	Mus musculus	chromatin immunoprecipitation assay	15563547	jaspar	No	mm9	chr2	131396911	131396925	+
TFLinkLT06020887	P04150	NR3C1	Mus musculus	chromatin immunoprecipitation assay	15563547	jaspar	No	mm9	chr14	51713512	51713526	-
TFLinkLT06020888	P04150	NR3C1	Mus musculus	chromatin immunoprecipitation assay	15563547	jaspar	No	mm9	chr15	96663781	96663795	+
TFLinkLT06020889	P04150	NR3C1	Mus musculus	chromatin immunoprecipitation assay	15563547	jaspar	No	mm9	chr19	27845382	27845396	+
TFLinkLT06020890	P04150	NR3C1	Mus musculus	chromatin immunoprecipitation assay	15563547	jaspar	No	mm9	chr19	27845448	27845462	-
TFLinkLT06020891	P04150	NR3C1	Mus musculus	chromatin immunoprecipitation assay	15563547	jaspar	No	mm9	chr1	23231026	23231040	-
TFLinkLT06020892	P04150	NR3C1	Mus musculus	chromatin immunoprecipitation assay	15563547	jaspar	No	mm9	chr1	64979760	64979774	-
TFLinkLT06020893	P04150	NR3C1	Mus musculus	chromatin immunoprecipitation assay	15563547	jaspar	No	mm9	chr1	81964072	81964086	+
TFLinkLT06020894	P04150	NR3C1	Mus musculus	chromatin immunoprecipitation assay	15563547	jaspar	No	mm9	chr2	5087063	5087077	-
TFLinkLT06020895	P04150	NR3C1	Mus musculus	chromatin immunoprecipitation assay	15563547	jaspar	No	mm9	chr2	32729839	32729853	+
TFLinkLT06020896	P04150	NR3C1	Mus musculus	chromatin immunoprecipitation assay	15563547	jaspar	No	mm9	chr15	43417636	43417650	-
TFLinkLT06020897	P04150	NR3C1	Mus musculus	chromatin immunoprecipitation assay	15563547	jaspar	No	mm9	chr17	7012795	7012809	-
TFLinkLT06020898	P04150	NR3C1	Mus musculus	chromatin immunoprecipitation assay	15563547	jaspar	No	mm9	chr2	11657385	11657399	-
TFLinkLT06020899	P04150	NR3C1	Mus musculus	chromatin immunoprecipitation assay	15563547	jaspar	No	mm9	chr6	115188785	115188799	-
TFLinkLT06020900	P04150	NR3C1	Mus musculus	chromatin immunoprecipitation assay	15563547	jaspar	No	mm9	chr7	136924447	136924461	+
TFLinkLT06020901	P04150	NR3C1	Mus musculus	chromatin immunoprecipitation assay	15563547	jaspar	No	mm9	chr9	77100732	77100746	-
TFLinkLT06020902	P04150	NR3C1	Mus musculus	chromatin immunoprecipitation assay	15563547	jaspar	No	mm9	chr11	74586091	74586105	-
TFLinkLT06020903	P04150	NR3C1	Mus musculus	chromatin immunoprecipitation assay	15563547	jaspar	No	mm9	chr16	90903609	90903623	-
TFLinkLT06020904	P04150	NR3C1	Mus musculus	chromatin immunoprecipitation assay	15563547	jaspar	No	mm9	chr4	4232133	4232147	-
TFLinkLT06020905	P04150	NR3C1	Mus musculus	chromatin immunoprecipitation assay	15563547	jaspar	No	mm9	chr6	13011838	13011852	+
TFLinkLT06020906	P04150	NR3C1	Mus musculus	chromatin immunoprecipitation assay	15563547	jaspar	No	mm9	chr6	41775186	41775200	-
TFLinkLT06020907	P04150	NR3C1	Mus musculus	chromatin immunoprecipitation assay	15563547	jaspar	No	mm9	chr8	122528432	122528446	-
TFLinkLT06020908	P04150	NR3C1	Mus musculus	chromatin immunoprecipitation assay	15563547	jaspar	No	mm9	chr9	23023622	23023636	+
TFLinkLT06020909	P04150	NR3C1	Mus musculus	chromatin immunoprecipitation assay	15563547	jaspar	No	mm9	chr11	35095747	35095761	-
TFLinkLT06020910	P04150	NR3C1	Mus musculus	chromatin immunoprecipitation assay	15563547	jaspar	No	mm9	chr13	75891999	75892013	-
TFLinkLT06020911	P04150	NR3C1	Mus musculus	chromatin immunoprecipitation assay	15563547	jaspar	No	mm9	chr16	87023843	87023857	+
TFLinkLT06020912	P04150	NR3C1	Mus musculus	chromatin immunoprecipitation assay	15563547	jaspar	No	mm9	chr19	33136921	33136935	+
TFLinkLT06020913	P04150	NR3C1	Mus musculus	chromatin immunoprecipitation assay	15563547	jaspar	No	mm9	chr2	124119552	124119566	+
TFLinkLT06020914	P04150	NR3C1	Mus musculus	chromatin immunoprecipitation assay	15563547	jaspar	No	mm9	chr5	144399499	144399513	-
TFLinkLT06020915	P04150	NR3C1	Mus musculus	chromatin immunoprecipitation assay	15563547	jaspar	No	mm9	chr6	91717973	91717987	+
TFLinkLT06020916	P04150	NR3C1	Mus musculus	chromatin immunoprecipitation assay	15563547	jaspar	No	mm9	chr7	96660682	96660696	+
TFLinkLT06020917	P04150	NR3C1	Mus musculus	chromatin immunoprecipitation assay	15563547	jaspar	No	mm9	chr7	96660706	96660720	+
TFLinkLT06020918	P04150	NR3C1	Mus musculus	chromatin immunoprecipitation assay	15563547	jaspar	No	mm9	chr7	105541159	105541173	+
TFLinkLT06020919	P04150	NR3C1	Mus musculus	chromatin immunoprecipitation assay	15563547	jaspar	No	mm9	chr13	110542987	110543001	+
TFLinkLT06020920	P04150	NR3C1	Mus musculus	chromatin immunoprecipitation assay	15563547	jaspar	No	mm9	chr16	77877434	77877448	-
TFLinkLT06020921	P04150	NR3C1	Mus musculus	chromatin immunoprecipitation assay	15563547	jaspar	No	mm9	chr17	28561545	28561559	+
TFLinkLT06020922	P04150	NR3C1	Mus musculus	chromatin immunoprecipitation assay	15563547	jaspar	No	mm9	chr1	162199747	162199761	+
TFLinkLT06020923	P04150	NR3C1	Mus musculus	chromatin immunoprecipitation assay	15563547	jaspar	No	mm9	chr4	92455278	92455292	+
TFLinkLT06020924	P04150	NR3C1	Mus musculus	chromatin immunoprecipitation assay	15563547	jaspar	No	mm9	chr6	53919770	53919784	+
TFLinkLT06020925	P04150	NR3C1	Mus musculus	chromatin immunoprecipitation assay	15563547	jaspar	No	mm9	chr8	8054436	8054450	-
TFLinkLT06020926	P04150	NR3C1	Mus musculus	chromatin immunoprecipitation assay	15563547	jaspar	No	mm9	chr8	87656703	87656717	+
TFLinkLT06020927	P04150	NR3C1	Mus musculus	chromatin immunoprecipitation assay	15563547	jaspar	No	mm9	chr9	116739219	116739233	-
TFLinkLT06020928	P04150	NR3C1	Mus musculus	chromatin immunoprecipitation assay	15563547	jaspar	No	mm9	chr15	62407475	62407489	+
TFLinkLT06020929	P04150	NR3C1	Mus musculus	chromatin immunoprecipitation assay	15563547	jaspar	No	mm9	chr2	134590447	134590461	+
TFLinkLT06020930	P04150	NR3C1	Mus musculus	chromatin immunoprecipitation assay	15563547	jaspar	No	mm9	chr3	27657881	27657895	+
TFLinkLT06020931	P04150	NR3C1	Mus musculus	chromatin immunoprecipitation assay	15563547	jaspar	No	mm9	chr4	136653784	136653798	+
TFLinkLT06020932	P04150	NR3C1	Mus musculus	chromatin immunoprecipitation assay	15563547	jaspar	No	mm9	chr5	135156395	135156409	-
TFLinkLT06020933	P04150	NR3C1	Mus musculus	chromatin immunoprecipitation assay	15563547	jaspar	No	mm9	chr6	5393293	5393307	-
TFLinkLT06020934	P04150	NR3C1	Mus musculus	chromatin immunoprecipitation assay	15563547	jaspar	No	mm9	chr7	126994386	126994400	+
TFLinkLT06020935	P04150	NR3C1	Mus musculus	chromatin immunoprecipitation assay	15563547	jaspar	No	mm9	chr11	23558016	23558030	+
TFLinkLT06020936	P04150	NR3C1	Mus musculus	chromatin immunoprecipitation assay	15563547	jaspar	No	mm9	chr14	35104254	35104268	+
TFLinkLT06020937	P04150	NR3C1	Mus musculus	chromatin immunoprecipitation assay	15563547	jaspar	No	mm9	chr17	50620177	50620191	+
TFLinkLT06020938	P04150	NR3C1	Mus musculus	chromatin immunoprecipitation assay	15563547	jaspar	No	mm9	chr17	75595647	75595661	+
TFLinkLT06020939	P04150	NR3C1	Mus musculus	chromatin immunoprecipitation assay	15563547	jaspar	No	mm9	chr19	20460823	20460837	-
TFLinkLT06020940	P04150	NR3C1	Mus musculus	chromatin immunoprecipitation assay	15563547	jaspar	No	mm9	chr1	145803180	145803194	+
TFLinkLT06020941	P04150	NR3C1	Mus musculus	chromatin immunoprecipitation assay	15563547	jaspar	No	mm9	chr4	11899854	11899868	+
TFLinkLT06020942	P04150	NR3C1	Mus musculus	chromatin immunoprecipitation assay	15563547	jaspar	No	mm9	chr4	104672464	104672478	+
TFLinkLT06020943	P04150	NR3C1	Mus musculus	chromatin immunoprecipitation assay	15563547	jaspar	No	mm9	chr9	7950420	7950434	+
TFLinkLT06020944	P04150	NR3C1	Mus musculus	chromatin immunoprecipitation assay	15563547	jaspar	No	mm9	chr11	120612804	120612818	+
TFLinkLT06020945	P04150	NR3C1	Mus musculus	chromatin immunoprecipitation assay	15563547	jaspar	No	mm9	chr12	8435637	8435651	+
TFLinkLT06020946	P04150	NR3C1	Mus musculus	chromatin immunoprecipitation assay	15563547	jaspar	No	mm9	chr12	8435692	8435706	-
TFLinkLT06020947	P04150	NR3C1	Mus musculus	chromatin immunoprecipitation assay	15563547	jaspar	No	mm9	chr13	13666183	13666197	-
TFLinkLT06020948	P04150	NR3C1	Mus musculus	chromatin immunoprecipitation assay	15563547	jaspar	No	mm9	chr13	104330175	104330189	+
TFLinkLT06020949	P04150	NR3C1	Mus musculus	chromatin immunoprecipitation assay	15563547	jaspar	No	mm9	chr14	26569492	26569506	+
TFLinkLT06020950	P04150	NR3C1	Mus musculus	chromatin immunoprecipitation assay	15563547	jaspar	No	mm9	chr14	48579379	48579393	-
TFLinkLT06020951	P04150	NR3C1	Mus musculus	chromatin immunoprecipitation assay	15563547	jaspar	No	mm9	chr16	33191888	33191902	+
TFLinkLT06020952	P04150	NR3C1	Mus musculus	chromatin immunoprecipitation assay	15563547	jaspar	No	mm9	chr19	43990152	43990166	-
TFLinkLT06020953	P04150	NR3C1	Mus musculus	chromatin immunoprecipitation assay	15563547	jaspar	No	mm9	chrX	137063880	137063894	+
TFLinkLT06020954	P04150	NR3C1	Mus musculus	chromatin immunoprecipitation assay	15563547	jaspar	No	mm9	chr1	45476764	45476778	+
TFLinkLT06020955	P04150	NR3C1	Mus musculus	chromatin immunoprecipitation assay	15563547	jaspar	No	mm9	chr8	11382088	11382102	-
TFLinkLT06020956	P04150	NR3C1	Mus musculus	chromatin immunoprecipitation assay	15563547	jaspar	No	mm9	chr8	11382111	11382125	+
TFLinkLT06020957	P04150	NR3C1	Mus musculus	chromatin immunoprecipitation assay	15563547	jaspar	No	mm9	chr8	26395908	26395922	+
TFLinkLT06020958	P04150	NR3C1	Mus musculus	chromatin immunoprecipitation assay	15563547	jaspar	No	mm9	chr10	94537772	94537786	-
TFLinkLT06020959	P04150	NR3C1	Mus musculus	chromatin immunoprecipitation assay	15563547	jaspar	No	mm9	chr17	36744259	36744273	+
TFLinkLT06020960	P04150	NR3C1	Mus musculus	chromatin immunoprecipitation assay	15563547	jaspar	No	mm9	chr18	55463035	55463049	+
TFLinkLT06020961	P04150	NR3C1	Mus musculus	chromatin immunoprecipitation assay	15563547	jaspar	No	mm9	chrX	137102479	137102493	-
TFLinkLT06020962	P04150	NR3C1	Mus musculus	chromatin immunoprecipitation assay	15563547	jaspar	No	mm9	chr1	71959192	71959206	+
TFLinkLT06020963	P04150	NR3C1	Mus musculus	chromatin immunoprecipitation assay	15563547	jaspar	No	mm9	chr2	103049785	103049799	-
TFLinkLT06020964	P04150	NR3C1	Mus musculus	chromatin immunoprecipitation assay	15563547	jaspar	No	mm9	chr5	107648800	107648814	-
TFLinkLT06020965	P04150	NR3C1	Mus musculus	chromatin immunoprecipitation assay	15563547	jaspar	No	mm9	chr7	94371475	94371489	-
TFLinkLT06020966	P04150	NR3C1	Mus musculus	chromatin immunoprecipitation assay	15563547	jaspar	No	mm9	chr10	15890961	15890975	+
TFLinkLT06020967	P04150	NR3C1	Mus musculus	chromatin immunoprecipitation assay	15563547	jaspar	No	mm9	chr11	98894689	98894703	+
TFLinkLT06020968	P04150	NR3C1	Mus musculus	chromatin immunoprecipitation assay	15563547	jaspar	No	mm9	chr12	77494218	77494232	+
TFLinkLT06020969	P04150	NR3C1	Mus musculus	chromatin immunoprecipitation assay	15563547	jaspar	No	mm9	chr16	11444878	11444892	-
TFLinkLT06020970	P04150	NR3C1	Mus musculus	chromatin immunoprecipitation assay	15563547	jaspar	No	mm9	chr16	50309956	50309970	-
TFLinkLT06020971	P04150	NR3C1	Mus musculus	chromatin immunoprecipitation assay	15563547	jaspar	No	mm9	chr16	50309990	50310004	+
TFLinkLT06020972	P04150	NR3C1	Mus musculus	chromatin immunoprecipitation assay	15563547	jaspar	No	mm9	chr17	32201863	32201877	-
TFLinkLT06020973	P04150	NR3C1	Mus musculus	chromatin immunoprecipitation assay	15563547	jaspar	No	mm9	chr17	49880092	49880106	+
TFLinkLT06020974	P04150	NR3C1	Mus musculus	chromatin immunoprecipitation assay	15563547	jaspar	No	mm9	chr1	122980999	122981013	+
TFLinkLT06020975	P04150	NR3C1	Mus musculus	chromatin immunoprecipitation assay	15563547	jaspar	No	mm9	chr1	165494134	165494148	+
TFLinkLT06020976	P04150	NR3C1	Mus musculus	chromatin immunoprecipitation assay	15563547	jaspar	No	mm9	chr12	8514272	8514286	-
TFLinkLT06020977	P04150	NR3C1	Mus musculus	chromatin immunoprecipitation assay	15563547	jaspar	No	mm9	chr12	74879297	74879311	-
TFLinkLT06020978	P04150	NR3C1	Mus musculus	chromatin immunoprecipitation assay	15563547	jaspar	No	mm9	chr14	25838874	25838888	+
TFLinkLT06020979	P04150	NR3C1	Mus musculus	chromatin immunoprecipitation assay	15563547	jaspar	No	mm9	chr15	81078575	81078589	+
TFLinkLT06020980	P04150	NR3C1	Mus musculus	chromatin immunoprecipitation assay	15563547	jaspar	No	mm9	chr5	107595897	107595911	+
TFLinkLT06020981	P04150	NR3C1	Mus musculus	chromatin immunoprecipitation assay	15563547	jaspar	No	mm9	chr6	47592740	47592754	-
TFLinkLT06020982	P04150	NR3C1	Mus musculus	chromatin immunoprecipitation assay	15563547	jaspar	No	mm9	chr19	44386664	44386678	-
TFLinkLT06020983	P04150	NR3C1	Mus musculus	chromatin immunoprecipitation assay	15563547	jaspar	No	mm9	chr4	150159159	150159173	+
TFLinkLT06020984	P04150	NR3C1	Mus musculus	chromatin immunoprecipitation assay	15563547	jaspar	No	mm9	chr6	119368924	119368938	+
TFLinkLT06020985	P04150	NR3C1	Mus musculus	chromatin immunoprecipitation assay	15563547	jaspar	No	mm9	chr7	135933757	135933771	+
TFLinkLT06020986	P04150	NR3C1	Mus musculus	chromatin immunoprecipitation assay	15563547	jaspar	No	mm9	chr10	99520110	99520124	-
TFLinkLT06020987	P04150	NR3C1	Mus musculus	chromatin immunoprecipitation assay	15563547	jaspar	No	mm9	chr11	56089984	56089998	-
TFLinkLT06020988	P04150	NR3C1	Mus musculus	chromatin immunoprecipitation assay	15563547	jaspar	No	mm9	chr12	39520096	39520110	-
TFLinkLT06020989	P04150	NR3C1	Mus musculus	chromatin immunoprecipitation assay	15563547	jaspar	No	mm9	chr13	4770651	4770665	-
TFLinkLT06020990	P04150	NR3C1	Mus musculus	chromatin immunoprecipitation assay	15563547	jaspar	No	mm9	chrX	166371332	166371346	+
TFLinkLT06020991	P04150	NR3C1	Mus musculus	chromatin immunoprecipitation assay	15563547	jaspar	No	mm9	chr1	80558613	80558627	-
TFLinkLT06020992	P04150	NR3C1	Mus musculus	chromatin immunoprecipitation assay	15563547	jaspar	No	mm9	chr4	97481388	97481402	-
TFLinkLT06020993	P04150	NR3C1	Mus musculus	chromatin immunoprecipitation assay	15563547	jaspar	No	mm9	chr6	147666980	147666994	+
TFLinkLT06020994	P04150	NR3C1	Mus musculus	chromatin immunoprecipitation assay	15563547	jaspar	No	mm9	chr9	59440310	59440324	+
TFLinkLT06020995	P04150	NR3C1	Mus musculus	chromatin immunoprecipitation assay	15563547	jaspar	No	mm9	chr14	100646828	100646842	-
TFLinkLT06020996	P04150	NR3C1	Mus musculus	chromatin immunoprecipitation assay	15563547	jaspar	No	mm9	chr8	106648283	106648297	+
TFLinkLT06020997	P04150	NR3C1	Mus musculus	chromatin immunoprecipitation assay	15563547	jaspar	No	mm9	chr12	10537940	10537954	-
TFLinkLT06020998	P04150	NR3C1	Mus musculus	chromatin immunoprecipitation assay	15563547	jaspar	No	mm9	chr12	35944655	35944669	+
TFLinkLT06020999	P04150	NR3C1	Mus musculus	chromatin immunoprecipitation assay	15563547	jaspar	No	mm9	chr17	32119973	32119987	-
TFLinkLT06021000	P04150	NR3C1	Mus musculus	chromatin immunoprecipitation assay	15563547	jaspar	No	mm9	chr19	53121862	53121876	+
TFLinkLT06021001	P04150	NR3C1	Mus musculus	chromatin immunoprecipitation assay	15563547	jaspar	No	mm9	chr3	21861546	21861560	+
TFLinkLT06021002	P04150	NR3C1	Mus musculus	chromatin immunoprecipitation assay	15563547	jaspar	No	mm9	chr3	119825818	119825832	+
TFLinkLT06021003	P04150	NR3C1	Mus musculus	chromatin immunoprecipitation assay	15563547	jaspar	No	mm9	chr6	31407177	31407191	-
TFLinkLT06021004	P04150	NR3C1	Mus musculus	chromatin immunoprecipitation assay	15563547	jaspar	No	mm9	chr8	38070184	38070198	+
TFLinkLT06021005	P04150	NR3C1	Mus musculus	chromatin immunoprecipitation assay	15563547	jaspar	No	mm9	chr11	55228069	55228083	+
TFLinkLT06021006	P04150	NR3C1	Mus musculus	chromatin immunoprecipitation assay	15563547	jaspar	No	mm9	chr17	27298193	27298207	-
TFLinkLT06021007	P04150	NR3C1	Mus musculus	chromatin immunoprecipitation assay	15563547	jaspar	No	mm9	chr18	62368242	62368256	+
TFLinkLT06021008	P04150	NR3C1	Mus musculus	chromatin immunoprecipitation assay	15563547	jaspar	No	mm9	chrX	156986974	156986988	-
TFLinkLT06021009	P04150	NR3C1	Mus musculus	chromatin immunoprecipitation assay	15563547	jaspar	No	mm9	chr2	36015007	36015021	+
TFLinkLT06021010	P04150	NR3C1	Mus musculus	chromatin immunoprecipitation assay	15563547	jaspar	No	mm9	chr2	148062294	148062308	-
TFLinkLT06021011	P04150	NR3C1	Mus musculus	chromatin immunoprecipitation assay	15563547	jaspar	No	mm9	chr2	148278971	148278985	-
TFLinkLT06021012	P04150	NR3C1	Mus musculus	chromatin immunoprecipitation assay	15563547	jaspar	No	mm9	chr3	151785025	151785039	+
TFLinkLT06021013	P04150	NR3C1	Mus musculus	chromatin immunoprecipitation assay	15563547	jaspar	No	mm9	chr4	101321387	101321401	+
TFLinkLT06021014	P04150	NR3C1	Mus musculus	chromatin immunoprecipitation assay	15563547	jaspar	No	mm9	chr6	144639158	144639172	-
TFLinkLT06021015	P04150	NR3C1	Mus musculus	chromatin immunoprecipitation assay	15563547	jaspar	No	mm9	chr16	49939001	49939015	+
TFLinkLT06021016	P04150	NR3C1	Mus musculus	chromatin immunoprecipitation assay	15563547	jaspar	No	mm9	chr1	51199791	51199805	+
TFLinkLT06021017	P04150	NR3C1	Mus musculus	chromatin immunoprecipitation assay	15563547	jaspar	No	mm9	chr2	158017081	158017095	-
TFLinkLT06021018	P04150	NR3C1	Mus musculus	chromatin immunoprecipitation assay	15563547	jaspar	No	mm9	chr2	167603017	167603031	-
TFLinkLT06021019	P04150	NR3C1	Mus musculus	chromatin immunoprecipitation assay	15563547	jaspar	No	mm9	chr4	57686136	57686150	+
TFLinkLT06021020	P04150	NR3C1	Mus musculus	chromatin immunoprecipitation assay	15563547	jaspar	No	mm9	chr4	93923062	93923076	+
TFLinkLT06021021	P04150	NR3C1	Mus musculus	chromatin immunoprecipitation assay	15563547	jaspar	No	mm9	chr5	119666494	119666508	+
TFLinkLT06021022	P04150	NR3C1	Mus musculus	chromatin immunoprecipitation assay	15563547	jaspar	No	mm9	chr5	124125431	124125445	-
TFLinkLT06021023	P04150	NR3C1	Mus musculus	chromatin immunoprecipitation assay	15563547	jaspar	No	mm9	chr6	39323554	39323568	-
TFLinkLT06021024	P04150	NR3C1	Mus musculus	chromatin immunoprecipitation assay	15563547	jaspar	No	mm9	chr13	113359892	113359906	-
TFLinkLT06021025	P04150	NR3C1	Mus musculus	chromatin immunoprecipitation assay	15563547	jaspar	No	mm9	chr17	29155446	29155460	+
TFLinkLT06021026	P04150	NR3C1	Mus musculus	chromatin immunoprecipitation assay	15563547	jaspar	No	mm9	chr19	5848439	5848453	-
TFLinkLT06021027	P04150	NR3C1	Mus musculus	chromatin immunoprecipitation assay	15563547	jaspar	No	mm9	chr2	12850797	12850811	-
TFLinkLT06021028	P04150	NR3C1	Mus musculus	chromatin immunoprecipitation assay	15563547	jaspar	No	mm9	chr5	100538236	100538250	+
TFLinkLT06021029	P04150	NR3C1	Mus musculus	chromatin immunoprecipitation assay	15563547	jaspar	No	mm9	chr6	12399125	12399139	+
TFLinkLT06021030	P04150	NR3C1	Mus musculus	chromatin immunoprecipitation assay	15563547	jaspar	No	mm9	chr10	67361935	67361949	-
TFLinkLT06021031	P04150	NR3C1	Mus musculus	chromatin immunoprecipitation assay	15563547	jaspar	No	mm9	chr19	40803797	40803811	-
TFLinkLT06021032	P04150	NR3C1	Mus musculus	chromatin immunoprecipitation assay	15563547	jaspar	No	mm9	chr1	175379063	175379077	-
TFLinkLT06021033	P04150	NR3C1	Mus musculus	chromatin immunoprecipitation assay	15563547	jaspar	No	mm9	chr2	152754509	152754523	-
TFLinkLT06021034	P04150	NR3C1	Mus musculus	chromatin immunoprecipitation assay	15563547	jaspar	No	mm9	chr4	65172726	65172740	-
TFLinkLT06021035	P04150	NR3C1	Mus musculus	chromatin immunoprecipitation assay	15563547	jaspar	No	mm9	chr5	101061860	101061874	-
TFLinkLT06021036	P04150	NR3C1	Mus musculus	chromatin immunoprecipitation assay	15563547	jaspar	No	mm9	chr6	32597367	32597381	+
TFLinkLT06021037	P04150	NR3C1	Mus musculus	chromatin immunoprecipitation assay	15563547	jaspar	No	mm9	chr12	8425883	8425897	-
TFLinkLT06021038	P04150	NR3C1	Mus musculus	chromatin immunoprecipitation assay	15563547	jaspar	No	mm9	chr13	6236671	6236685	+
TFLinkLT06021039	P04150	NR3C1	Mus musculus	chromatin immunoprecipitation assay	15563547	jaspar	No	mm9	chr17	80102552	80102566	+
TFLinkLT06021040	P04150	NR3C1	Mus musculus	chromatin immunoprecipitation assay	15563547	jaspar	No	mm9	chr19	21301901	21301915	+
TFLinkLT06021041	P04150	NR3C1	Mus musculus	chromatin immunoprecipitation assay	15563547	jaspar	No	mm9	chr1	191039338	191039352	+
TFLinkLT06021042	P04150	NR3C1	Mus musculus	chromatin immunoprecipitation assay	15563547	jaspar	No	mm9	chr3	89262659	89262673	-
TFLinkLT06021043	P04150	NR3C1	Mus musculus	chromatin immunoprecipitation assay	15563547	jaspar	No	mm9	chr4	124636362	124636376	-
TFLinkLT06021044	P04150	NR3C1	Mus musculus	chromatin immunoprecipitation assay	15563547	jaspar	No	mm9	chr5	142856497	142856511	-
TFLinkLT06021045	P04150	NR3C1	Mus musculus	chromatin immunoprecipitation assay	15563547	jaspar	No	mm9	chr13	43574490	43574504	+
TFLinkLT06021046	P04150	NR3C1	Mus musculus	chromatin immunoprecipitation assay	15563547	jaspar	No	mm9	chr14	48710425	48710439	+
TFLinkLT06021047	P04150	NR3C1	Mus musculus	chromatin immunoprecipitation assay	15563547	jaspar	No	mm9	chr14	120779053	120779067	-
TFLinkLT06021048	P04150	NR3C1	Mus musculus	chromatin immunoprecipitation assay	15563547	jaspar	No	mm9	chr15	59587798	59587812	+
TFLinkLT06021049	P04150	NR3C1	Mus musculus	chromatin immunoprecipitation assay	15563547	jaspar	No	mm9	chr1	175697118	175697132	+
TFLinkLT06021050	P04150	NR3C1	Mus musculus	chromatin immunoprecipitation assay	15563547	jaspar	No	mm9	chr6	94155152	94155166	+
TFLinkLT06021051	P04150	NR3C1	Mus musculus	chromatin immunoprecipitation assay	15563547	jaspar	No	mm9	chr9	57571233	57571247	+
TFLinkLT06021052	P04150	NR3C1	Mus musculus	chromatin immunoprecipitation assay	15563547	jaspar	No	mm9	chr14	32050594	32050608	-
TFLinkLT06021053	P04150	NR3C1	Mus musculus	chromatin immunoprecipitation assay	15563547	jaspar	No	mm9	chr7	103939064	103939078	+
TFLinkLT06021054	P04150	NR3C1	Mus musculus	chromatin immunoprecipitation assay	15563547	jaspar	No	mm9	chr8	18755047	18755061	-
TFLinkLT06021055	P04150	NR3C1	Mus musculus	chromatin immunoprecipitation assay	15563547	jaspar	No	mm9	chr8	96642987	96643001	-
TFLinkLT06021056	P04150	NR3C1	Mus musculus	chromatin immunoprecipitation assay	15563547	jaspar	No	mm9	chr12	71145542	71145556	-
TFLinkLT06021057	P04150	NR3C1	Mus musculus	chromatin immunoprecipitation assay	15563547	jaspar	No	mm9	chr12	80685992	80686006	+
TFLinkLT06021058	P04150	NR3C1	Mus musculus	chromatin immunoprecipitation assay	15563547	jaspar	No	mm9	chr12	83187290	83187304	+
TFLinkLT06021059	P04150	NR3C1	Mus musculus	chromatin immunoprecipitation assay	15563547	jaspar	No	mm9	chr13	41798755	41798769	-
TFLinkLT06021060	P04150	NR3C1	Mus musculus	chromatin immunoprecipitation assay	15563547	jaspar	No	mm9	chr13	90655565	90655579	+
TFLinkLT06021061	P04150	NR3C1	Mus musculus	chromatin immunoprecipitation assay	15563547	jaspar	No	mm9	chr2	124731129	124731143	-
TFLinkLT06021062	P04150	NR3C1	Mus musculus	chromatin immunoprecipitation assay	15563547	jaspar	No	mm9	chr4	149331258	149331272	-
TFLinkLT06021063	P04150	NR3C1	Mus musculus	chromatin immunoprecipitation assay	15563547	jaspar	No	mm9	chr9	101168161	101168175	+
TFLinkLT06021064	P04150	NR3C1	Mus musculus	chromatin immunoprecipitation assay	15563547	jaspar	No	mm9	chr13	37432335	37432349	+
TFLinkLT06021065	P04150	NR3C1	Mus musculus	chromatin immunoprecipitation assay	15563547	jaspar	No	mm9	chr13	90653831	90653845	-
TFLinkLT06021066	P04150	NR3C1	Mus musculus	chromatin immunoprecipitation assay	15563547	jaspar	No	mm9	chr13	113134007	113134021	-
TFLinkLT06021067	P04150	NR3C1	Mus musculus	chromatin immunoprecipitation assay	15563547	jaspar	No	mm9	chr16	64989537	64989551	+
TFLinkLT06021068	P04150	NR3C1	Mus musculus	chromatin immunoprecipitation assay	15563547	jaspar	No	mm9	chr18	64877334	64877348	-
TFLinkLT06021069	P04150	NR3C1	Mus musculus	chromatin immunoprecipitation assay	15563547	jaspar	No	mm9	chr19	41492680	41492694	+
TFLinkLT06021070	P04150	NR3C1	Mus musculus	chromatin immunoprecipitation assay	15563547	jaspar	No	mm9	chr19	41492706	41492720	+
TFLinkLT06021071	P04150	NR3C1	Mus musculus	chromatin immunoprecipitation assay	15563547	jaspar	No	mm9	chr1	170274740	170274754	+
TFLinkLT06021072	P04150	NR3C1	Mus musculus	chromatin immunoprecipitation assay	15563547	jaspar	No	mm9	chr4	107105512	107105526	+
TFLinkLT06021073	P04150	NR3C1	Mus musculus	chromatin immunoprecipitation assay	15563547	jaspar	No	mm9	chr5	106288538	106288552	-
TFLinkLT06021074	P04150	NR3C1	Mus musculus	chromatin immunoprecipitation assay	15563547	jaspar	No	mm9	chr6	149281778	149281792	+
TFLinkLT06021075	P04150	NR3C1	Mus musculus	chromatin immunoprecipitation assay	15563547	jaspar	No	mm9	chr8	32837963	32837977	-
TFLinkLT06021076	P04150	NR3C1	Mus musculus	chromatin immunoprecipitation assay	15563547	jaspar	No	mm9	chr8	47952888	47952902	+
TFLinkLT06021077	P04150	NR3C1	Mus musculus	chromatin immunoprecipitation assay	15563547	jaspar	No	mm9	chr9	48553169	48553183	+
TFLinkLT06021078	P04150	NR3C1	Mus musculus	chromatin immunoprecipitation assay	15563547	jaspar	No	mm9	chr11	49568883	49568897	-
TFLinkLT06021079	P04150	NR3C1	Mus musculus	chromatin immunoprecipitation assay	15563547	jaspar	No	mm9	chr14	41748984	41748998	+
TFLinkLT06021080	P04150	NR3C1	Mus musculus	chromatin immunoprecipitation assay	15563547	jaspar	No	mm9	chr16	87636253	87636267	+
TFLinkLT06021081	P04150	NR3C1	Mus musculus	chromatin immunoprecipitation assay	15563547	jaspar	No	mm9	chr1	51842996	51843010	+
TFLinkLT06021082	P04150	NR3C1	Mus musculus	chromatin immunoprecipitation assay	15563547	jaspar	No	mm9	chr3	107630992	107631006	+
TFLinkLT06021083	P04150	NR3C1	Mus musculus	chromatin immunoprecipitation assay	15563547	jaspar	No	mm9	chr4	149363507	149363521	-
TFLinkLT06021084	P04150	NR3C1	Mus musculus	chromatin immunoprecipitation assay	15563547	jaspar	No	mm9	chr4	151785317	151785331	+
TFLinkLT06021085	P04150	NR3C1	Mus musculus	chromatin immunoprecipitation assay	15563547	jaspar	No	mm9	chr8	129621815	129621829	-
TFLinkLT06021086	P04150	NR3C1	Mus musculus	chromatin immunoprecipitation assay	15563547	jaspar	No	mm9	chr19	10021649	10021663	+
TFLinkLT06021087	P04150	NR3C1	Mus musculus	chromatin immunoprecipitation assay	15563547	jaspar	No	mm9	chr2	134874635	134874649	+
TFLinkLT06021088	P04150	NR3C1	Mus musculus	chromatin immunoprecipitation assay	15563547	jaspar	No	mm9	chr2	134887551	134887565	-
TFLinkLT06021089	P04150	NR3C1	Mus musculus	chromatin immunoprecipitation assay	15563547	jaspar	No	mm9	chr3	136314153	136314167	+
TFLinkLT06021090	P04150	NR3C1	Mus musculus	chromatin immunoprecipitation assay	15563547	jaspar	No	mm9	chr7	150955616	150955630	+
TFLinkLT06021091	P04150	NR3C1	Mus musculus	chromatin immunoprecipitation assay	15563547	jaspar	No	mm9	chr8	96658714	96658728	-
TFLinkLT06021092	P04150	NR3C1	Mus musculus	chromatin immunoprecipitation assay	15563547	jaspar	No	mm9	chr11	109471101	109471115	-
TFLinkLT06021093	P04150	NR3C1	Mus musculus	chromatin immunoprecipitation assay	15563547	jaspar	No	mm9	chr15	61439970	61439984	-
TFLinkLT06021094	P04150	NR3C1	Mus musculus	chromatin immunoprecipitation assay	15563547	jaspar	No	mm9	chr2	18293200	18293214	-
TFLinkLT06021095	P04150	NR3C1	Mus musculus	chromatin immunoprecipitation assay	15563547	jaspar	No	mm9	chr2	35123700	35123714	+
TFLinkLT06021096	P04150	NR3C1	Mus musculus	chromatin immunoprecipitation assay	15563547	jaspar	No	mm9	chr2	35739900	35739914	-
TFLinkLT06021097	P04150	NR3C1	Mus musculus	chromatin immunoprecipitation assay	15563547	jaspar	No	mm9	chr3	126490882	126490896	-
TFLinkLT06021098	P04150	NR3C1	Mus musculus	chromatin immunoprecipitation assay	15563547	jaspar	No	mm9	chr6	127505800	127505814	-
TFLinkLT06021099	P04150	NR3C1	Mus musculus	chromatin immunoprecipitation assay	15563547	jaspar	No	mm9	chr11	3522925	3522939	-
TFLinkLT06021100	P04150	NR3C1	Mus musculus	chromatin immunoprecipitation assay	15563547	jaspar	No	mm9	chr16	30090779	30090793	-
TFLinkLT06021101	P04150	NR3C1	Mus musculus	chromatin immunoprecipitation assay	15563547	jaspar	No	mm9	chr19	44306388	44306402	-
TFLinkLT06021102	P04150	NR3C1	Mus musculus	chromatin immunoprecipitation assay	15563547	jaspar	No	mm9	chr1	43934726	43934740	+
TFLinkLT06021103	P04150	NR3C1	Mus musculus	chromatin immunoprecipitation assay	15563547	jaspar	No	mm9	chr6	87080031	87080045	+
TFLinkLT06021104	P04150	NR3C1	Mus musculus	chromatin immunoprecipitation assay	15563547	jaspar	No	mm9	chr6	94858897	94858911	+
TFLinkLT06021105	P04150	NR3C1	Mus musculus	chromatin immunoprecipitation assay	15563547	jaspar	No	mm9	chr8	38036615	38036629	-
TFLinkLT06021106	P04150	NR3C1	Mus musculus	chromatin immunoprecipitation assay	15563547	jaspar	No	mm9	chr8	94054042	94054056	+
TFLinkLT06021107	P04150	NR3C1	Mus musculus	chromatin immunoprecipitation assay	15563547	jaspar	No	mm9	chr9	92432745	92432759	+
TFLinkLT06021108	P04150	NR3C1	Mus musculus	chromatin immunoprecipitation assay	15563547	jaspar	No	mm9	chr12	57389720	57389734	+
TFLinkLT06021109	P04150	NR3C1	Mus musculus	chromatin immunoprecipitation assay	15563547	jaspar	No	mm9	chr13	45514340	45514354	-
TFLinkLT06021110	P04150	NR3C1	Mus musculus	chromatin immunoprecipitation assay	15563547	jaspar	No	mm9	chr15	61644422	61644436	+
TFLinkLT06021111	P04150	NR3C1	Mus musculus	chromatin immunoprecipitation assay	15563547	jaspar	No	mm9	chr15	66942147	66942161	-
TFLinkLT06021112	P04150	NR3C1	Mus musculus	chromatin immunoprecipitation assay	15563547	jaspar	No	mm9	chr19	55604763	55604777	+
TFLinkLT06021113	P04150	NR3C1	Mus musculus	chromatin immunoprecipitation assay	15563547	jaspar	No	mm9	chr3	83399407	83399421	+
TFLinkLT06021114	P04150	NR3C1	Mus musculus	chromatin immunoprecipitation assay	15563547	jaspar	No	mm9	chr8	10672198	10672212	+
TFLinkLT06021115	P04150	NR3C1	Mus musculus	chromatin immunoprecipitation assay	15563547	jaspar	No	mm9	chr10	111994600	111994614	+
TFLinkLT06021116	P04150	NR3C1	Mus musculus	chromatin immunoprecipitation assay	15563547	jaspar	No	mm9	chr11	51729652	51729666	+
TFLinkLT06021117	P04150	NR3C1	Mus musculus	chromatin immunoprecipitation assay	15563547	jaspar	No	mm9	chr13	41695546	41695560	-
TFLinkLT06021118	P04150	NR3C1	Mus musculus	chromatin immunoprecipitation assay	15563547	jaspar	No	mm9	chr13	102581883	102581897	-
TFLinkLT06021119	P04150	NR3C1	Mus musculus	chromatin immunoprecipitation assay	15563547	jaspar	No	mm9	chr19	17023609	17023623	+
TFLinkLT06021120	P04150	NR3C1	Mus musculus	chromatin immunoprecipitation assay	15563547	jaspar	No	mm9	chr19	53182310	53182324	+
TFLinkLT06021121	P04150	NR3C1	Mus musculus	chromatin immunoprecipitation assay	15563547	jaspar	No	mm9	chr19	57172785	57172799	+
TFLinkLT06021122	P04150	NR3C1	Mus musculus	chromatin immunoprecipitation assay	15563547	jaspar	No	mm9	chr3	21885909	21885923	+
TFLinkLT06021123	P04150	NR3C1	Mus musculus	chromatin immunoprecipitation assay	15563547	jaspar	No	mm9	chr6	87222159	87222173	+
TFLinkLT06021124	P04150	NR3C1	Mus musculus	chromatin immunoprecipitation assay	15563547	jaspar	No	mm9	chr6	108549039	108549053	+
TFLinkLT06021125	P04150	NR3C1	Mus musculus	chromatin immunoprecipitation assay	15563547	jaspar	No	mm9	chr13	102837440	102837454	+
TFLinkLT06021126	P04150	NR3C1	Mus musculus	chromatin immunoprecipitation assay	15563547	jaspar	No	mm9	chr1	172633293	172633307	-
TFLinkLT06021127	P04150	NR3C1	Mus musculus	chromatin immunoprecipitation assay	15563547	jaspar	No	mm9	chr2	38375327	38375341	-
TFLinkLT06021128	P04150	NR3C1	Mus musculus	chromatin immunoprecipitation assay	15563547	jaspar	No	mm9	chr4	114006706	114006720	+
TFLinkLT06021129	P04150	NR3C1	Mus musculus	chromatin immunoprecipitation assay	15563547	jaspar	No	mm9	chr8	11264075	11264089	-
TFLinkLT06021130	P04150	NR3C1	Mus musculus	chromatin immunoprecipitation assay	15563547	jaspar	No	mm9	chr8	98052399	98052413	-
TFLinkLT06021131	P04150	NR3C1	Mus musculus	chromatin immunoprecipitation assay	15563547	jaspar	No	mm9	chr11	32351384	32351398	+
TFLinkLT06021132	P04150	NR3C1	Mus musculus	chromatin immunoprecipitation assay	15563547	jaspar	No	mm9	chr16	20800346	20800360	+
TFLinkLT06021133	P04150	NR3C1	Mus musculus	chromatin immunoprecipitation assay	15563547	jaspar	No	mm9	chr2	131587532	131587546	-
TFLinkLT06021134	P04150	NR3C1	Mus musculus	chromatin immunoprecipitation assay	15563547	jaspar	No	mm9	chr6	89817407	89817421	-
TFLinkLT06021135	P04150	NR3C1	Mus musculus	chromatin immunoprecipitation assay	15563547	jaspar	No	mm9	chr7	112381253	112381267	+
TFLinkLT06021136	P04150	NR3C1	Mus musculus	chromatin immunoprecipitation assay	15563547	jaspar	No	mm9	chr8	127868001	127868015	+
TFLinkLT06021137	P04150	NR3C1	Mus musculus	chromatin immunoprecipitation assay	15563547	jaspar	No	mm9	chr10	37347056	37347070	+
TFLinkLT06021138	P04150	NR3C1	Mus musculus	chromatin immunoprecipitation assay	15563547	jaspar	No	mm9	chr14	66752659	66752673	+
TFLinkLT06021139	P04150	NR3C1	Mus musculus	chromatin immunoprecipitation assay	15563547	jaspar	No	mm9	chr15	93536885	93536899	-
TFLinkLT06021140	P04150	NR3C1	Mus musculus	chromatin immunoprecipitation assay	15563547	jaspar	No	mm9	chrX	50567230	50567244	+
TFLinkLT06021141	P04150	NR3C1	Mus musculus	chromatin immunoprecipitation assay	15563547	jaspar	No	mm9	chr2	52811486	52811500	-
TFLinkLT06021142	P04150	NR3C1	Mus musculus	chromatin immunoprecipitation assay	15563547	jaspar	No	mm9	chr15	73471223	73471237	+
TFLinkLT06021143	P04150	NR3C1	Mus musculus	chromatin immunoprecipitation assay	15563547	jaspar	No	mm9	chr19	27412435	27412449	-
